"scanid","X","trial_order","pid","time","group","list","task","run.order","rerun","original.run","num1","num2","num3","correct.answer","offset","category","probset","iti_onset","iti_duration","stim_onset","stim_duration","response","accuracy","cumulative.response.time","response.time","timedout","rtcorrect","rerun.order","taskname","training_group"
"9228_1_1.3T2",3,4,108,"pre","VNT",1,"grid",1,0,3,24,0,25,2,1,"large double","Control_Acc",34.529,4,38.524,6,2,1,40.601,2.08,0,2.08,NA,"grid1","A"
"9228_1_1.3T2",6,7,100,"pre","VNT",1,"grid",1,0,3,9,0,7,1,-2,"large single","Control_Acc",65.515,7.6,73.124,6,1,1,74.961,1.84,0,1.84,NA,"grid1","A"
"9228_1_1.3T2",7,8,104,"pre","VNT",1,"grid",1,0,3,17,0,19,2,2,"small double","Control_Acc",79.117,4.2,83.329,6,2,1,86.737,3.41,0,3.41,NA,"grid1","A"
"9228_1_1.3T2",12,13,102,"pre","VNT",1,"grid",1,0,3,12,0,10,1,-2,"large single","Control_Acc",138.825,5.6,144.423,6,1,1,146.692,2.272,0,2.272,NA,"grid1","A"
"9228_1_1.3T2",16,17,106,"pre","VNT",1,"grid",1,0,3,20,0,19,1,-1,"large double","Control_Acc",187.827,4.4,192.227,6,1,1,196.629,4.405,0,4.405,NA,"grid1","A"
"9228_1_1.3T2",17,18,98,"pre","VNT",1,"grid",1,0,3,4,0,7,2,3,"small single","Control_Acc",198.234,7.2,205.426,6,2,1,206.897,1.474,0,1.474,NA,"grid1","A"
"9228_1_1.3T2",5,6,76,"pre","VNT",1,"grid",1,0,3,4,5,6,1,-3,"small single","Trained_Acc",55.408,4.1,59.504,6,1,1,62.825,3.324,0,3.324,NA,"grid1","A"
"9228_1_1.3T2",8,9,84,"pre","VNT",1,"grid",1,0,3,6,19,28,2,3,"large double","Trained_Acc",89.325,4.4,93.703,6,2,1,98.912,5.211,0,5.211,NA,"grid1","A"
"9228_1_1.3T2",9,10,74,"pre","VNT",1,"grid",1,0,3,2,6,7,1,-1,"small single","Trained_Acc",99.731,6.5,106.208,6,1,1,110.545,4.34,0,4.34,NA,"grid1","A"
"9228_1_1.3T2",0,1,80,"pre","VNT",1,"grid",1,0,3,4,12,15,1,-1,"small double","Trained_InAcc",0.001,6.5,6.506,6,2,0,9.418,2.915,0,NA,NA,"grid1","A"
"9228_1_1.3T2",14,15,78,"pre","VNT",1,"grid",1,0,3,9,4,16,2,3,"large single","Trained_InAcc",163.917,7.6,171.51,6,NA,0,NA,NA,1,NA,NA,"grid1","A"
"9228_1_1.3T2",15,16,82,"pre","VNT",1,"grid",1,0,3,14,9,25,2,2,"large double","Trained_InAcc",177.504,4.3,181.816,6,NA,0,NA,NA,1,NA,NA,"grid1","A"
"9228_1_1.3T2",1,2,90,"pre","VNT",1,"grid",1,0,3,4,8,13,2,1,"large single","Untrained_Acc",12.501,5.7,18.211,6,2,1,22.449,4.241,0,4.241,NA,"grid1","A"
"9228_1_1.3T2",4,5,92,"pre","VNT",1,"grid",1,0,3,13,2,14,1,-1,"small double","Untrained_Acc",44.517,4.9,49.414,6,1,1,53.007,3.596,0,3.596,NA,"grid1","A"
"9228_1_1.3T2",10,11,86,"pre","VNT",1,"grid",1,0,3,5,3,10,2,2,"small single","Untrained_Acc",112.202,7.6,119.811,6,2,1,124.398,4.589,0,4.589,NA,"grid1","A"
"9228_1_1.3T2",11,12,94,"pre","VNT",1,"grid",1,0,3,4,18,23,2,1,"large double","Untrained_Acc",125.805,7,132.815,6,2,1,138.231,5.419,0,5.419,NA,"grid1","A"
"9228_1_1.3T2",13,14,88,"pre","VNT",1,"grid",1,0,3,8,2,7,1,-3,"small single","Untrained_Acc",150.43,7.5,157.906,6,1,1,161.944,4.04,0,4.04,NA,"grid1","A"
"9228_1_1.3T2",2,3,96,"pre","VNT",1,"grid",1,0,3,17,8,23,1,-2,"large double","Untrained_InAcc",24.205,4.3,28.501,6,NA,0,NA,NA,1,NA,NA,"grid1","A"
"9228_1_1.3T2",2,3,136,"pre","VNT",1,"grid",2,0,4,8,0,9,2,1,"large single","Control_Acc",24.207,4.3,28.522,6,2,1,31.932,3.415,0,3.415,NA,"grid1","A"
"9228_1_1.3T2",6,7,142,"pre","VNT",1,"grid",2,0,4,21,0,18,1,-3,"large double","Control_Acc",65.519,7.6,73.128,6,1,1,75.37,2.245,0,2.245,NA,"grid1","A"
"9228_1_1.3T2",7,8,138,"pre","VNT",1,"grid",2,0,4,13,0,16,2,3,"large single","Control_Acc",79.123,4.2,83.317,6,2,1,85.381,2.067,0,2.067,NA,"grid1","A"
"9228_1_1.3T2",12,13,144,"pre","VNT",1,"grid",2,0,4,25,0,24,1,-1,"large double","Control_Acc",138.83,5.6,144.424,6,1,1,147.067,2.646,0,2.646,NA,"grid1","A"
"9228_1_1.3T2",13,14,140,"pre","VNT",1,"grid",2,0,4,16,0,18,2,2,"small double","Control_Acc",150.435,7.5,157.927,6,2,1,159.808,1.884,0,1.884,NA,"grid1","A"
"9228_1_1.3T2",16,17,134,"pre","VNT",1,"grid",2,0,4,5,0,4,1,-1,"small single","Control_Acc",187.832,4.4,192.242,6,1,1,194.013,1.773,0,1.773,NA,"grid1","A"
"9228_1_1.3T2",0,1,110,"pre","VNT",1,"grid",2,0,4,6,3,8,1,-1,"small single","Trained_Acc",0.001,6.5,6.511,6,1,1,10.831,4.323,0,4.323,NA,"grid1","A"
"9228_1_1.3T2",5,6,120,"pre","VNT",1,"grid",2,0,4,5,18,20,1,-3,"large double","Trained_Acc",55.413,4.1,59.509,6,1,1,63.218,3.712,0,3.712,NA,"grid1","A"
"9228_1_1.3T2",8,9,114,"pre","VNT",1,"grid",2,0,4,5,7,9,1,-3,"large single","Trained_Acc",89.33,4.4,93.708,6,1,1,97.297,3.592,0,3.592,NA,"grid1","A"
"9228_1_1.3T2",9,10,116,"pre","VNT",1,"grid",2,0,4,12,5,18,2,1,"small double","Trained_Acc",99.702,6.5,106.212,6,2,1,112.123,5.914,0,5.914,NA,"grid1","A"
"9228_1_1.3T2",17,18,118,"pre","VNT",1,"grid",2,0,4,5,14,20,2,1,"small double","Trained_Acc",198.222,7.2,205.414,6,2,1,210.352,4.94,0,4.94,NA,"grid1","A"
"9228_1_1.3T2",11,12,112,"pre","VNT",1,"grid",2,0,4,7,3,11,2,1,"small single","Trained_InAcc",125.81,7,132.802,6,1,0,136.375,3.575,0,NA,NA,"grid1","A"
"9228_1_1.3T2",1,2,128,"pre","VNT",1,"grid",2,0,4,3,14,20,2,3,"small double","Untrained_Acc",12.505,5.7,18.216,6,2,1,22.738,4.527,0,4.527,NA,"grid1","A"
"9228_1_1.3T2",4,5,122,"pre","VNT",1,"grid",2,0,4,2,7,11,2,2,"small single","Untrained_Acc",44.507,4.9,49.402,6,2,1,53.463,4.066,0,4.066,NA,"grid1","A"
"9228_1_1.3T2",15,16,130,"pre","VNT",1,"grid",2,0,4,18,2,21,2,1,"small double","Untrained_Acc",177.525,4.3,181.804,6,2,1,184.563,2.762,0,2.762,NA,"grid1","A"
"9228_1_1.3T2",3,4,124,"pre","VNT",1,"grid",2,0,4,4,6,7,1,-3,"small single","Untrained_InAcc",34.533,4,38.513,6,NA,0,NA,NA,1,NA,NA,"grid1","A"
"9228_1_1.3T2",10,11,126,"pre","VNT",1,"grid",2,0,4,9,3,11,1,-1,"large single","Untrained_InAcc",112.223,7.6,119.815,6,2,0,124.637,4.824,0,NA,NA,"grid1","A"
"9228_1_1.3T2",14,15,132,"pre","VNT",1,"grid",2,0,4,16,7,21,1,-2,"large double","Untrained_InAcc",163.922,7.6,171.514,6,NA,0,NA,NA,1,NA,NA,"grid1","A"
"9228_1_1.3T2",2,3,70,"pre","VNT",1,"grid",3,0,2,18,0,15,1,-3,"small double","Control_Acc",24.229,4.3,28.529,6,1,1,32.213,3.687,0,3.687,NA,"grid1","A"
"9228_1_1.3T2",7,8,72,"pre","VNT",1,"grid",3,0,2,23,0,26,2,3,"large double","Control_Acc",79.107,4.2,83.319,6,2,1,85.792,2.476,0,2.476,NA,"grid1","A"
"9228_1_1.3T2",8,9,64,"pre","VNT",1,"grid",3,0,2,7,0,10,2,3,"small single","Control_Acc",89.33,4.4,93.726,6,2,1,95.731,2.008,0,2.008,NA,"grid1","A"
"9228_1_1.3T2",12,13,68,"pre","VNT",1,"grid",3,0,2,15,0,16,2,1,"small double","Control_Acc",138.815,5.6,144.426,6,2,1,146.182,1.76,0,1.76,NA,"grid1","A"
"9228_1_1.3T2",13,14,66,"pre","VNT",1,"grid",3,0,2,10,0,9,1,-1,"large single","Control_Acc",150.427,7.5,157.928,6,1,1,159.434,1.509,0,1.509,NA,"grid1","A"
"9228_1_1.3T2",16,17,62,"pre","VNT",1,"grid",3,0,2,3,0,5,2,2,"small single","Control_Acc",187.83,4.4,192.227,6,2,1,194.281,2.056,0,2.056,NA,"grid1","A"
"9228_1_1.3T2",5,6,38,"pre","VNT",1,"grid",3,0,2,5,2,9,2,2,"small single","Trained_Acc",55.413,4.1,59.51,6,2,1,62.733,3.226,0,3.226,NA,"grid1","A"
"9228_1_1.3T2",14,15,44,"pre","VNT",1,"grid",3,0,2,2,16,15,1,-3,"small double","Trained_Acc",163.925,7.6,171.515,6,1,1,174.857,3.344,0,3.344,NA,"grid1","A"
"9228_1_1.3T2",17,18,46,"pre","VNT",1,"grid",3,0,2,17,3,19,1,-1,"small double","Trained_Acc",198.222,7.2,205.415,6,1,1,208.678,3.266,0,3.266,NA,"grid1","A"
"9228_1_1.3T2",0,1,42,"pre","VNT",1,"grid",3,0,2,6,9,14,1,-1,"large single","Trained_InAcc",0.001,6.5,6.512,6,2,0,12.322,5.813,0,NA,NA,"grid1","A"
"9228_1_1.3T2",6,7,40,"pre","VNT",1,"grid",3,0,2,5,8,11,1,-2,"large single","Trained_InAcc",65.504,7.6,73.112,6,2,0,78.484,5.375,0,NA,NA,"grid1","A"
"9228_1_1.3T2",11,12,48,"pre","VNT",1,"grid",3,0,2,16,8,26,2,2,"large double","Trained_InAcc",125.811,7,132.804,6,NA,0,NA,NA,1,NA,NA,"grid1","A"
"9228_1_1.3T2",1,2,52,"pre","VNT",1,"grid",3,0,2,7,6,12,1,-1,"large single","Untrained_Acc",12.506,5.7,18.217,6,1,1,22.123,3.908,0,3.908,NA,"grid1","A"
"9228_1_1.3T2",4,5,54,"pre","VNT",1,"grid",3,0,2,8,7,14,1,-1,"large single","Untrained_Acc",44.508,4.9,49.403,6,1,1,55.292,5.892,0,5.892,NA,"grid1","A"
"9228_1_1.3T2",9,10,56,"pre","VNT",1,"grid",3,0,2,13,5,20,2,2,"small double","Untrained_Acc",99.719,6.5,106.213,6,2,1,112.136,5.926,0,5.926,NA,"grid1","A"
"9228_1_1.3T2",15,16,58,"pre","VNT",1,"grid",3,0,2,6,14,22,2,2,"small double","Untrained_Acc",177.51,4.3,181.806,6,2,1,186.363,4.561,0,4.561,NA,"grid1","A"
"9228_1_1.3T2",3,4,50,"pre","VNT",1,"grid",3,0,2,3,4,9,2,2,"small single","Untrained_InAcc",34.519,4,38.513,6,NA,0,NA,NA,1,NA,NA,"grid1","A"
"9228_1_1.3T2",10,11,60,"pre","VNT",1,"grid",3,0,2,5,19,22,1,-2,"large double","Untrained_InAcc",112.222,7.6,119.816,6,2,0,124.858,5.045,0,NA,NA,"grid1","A"
"9228_1_1.3T2",2,3,28,"pre","VNT",1,"grid",4,0,1,6,0,5,1,-1,"small single","Control_Acc",24.226,4.3,28.52,6,1,1,31.691,3.174,0,3.174,NA,"grid1","A"
"9228_1_1.3T2",7,8,36,"pre","VNT",1,"grid",4,0,1,22,0,21,1,-1,"large double","Control_Acc",79.105,4.2,83.336,6,1,1,84.99,1.657,0,1.657,NA,"grid1","A"
"9228_1_1.3T2",8,9,32,"pre","VNT",1,"grid",4,0,1,14,0,15,2,1,"small double","Control_Acc",89.329,4.4,93.722,6,2,1,95.352,1.633,0,1.633,NA,"grid1","A"
"9228_1_1.3T2",12,13,30,"pre","VNT",1,"grid",4,0,1,11,0,12,2,1,"large single","Control_Acc",138.812,5.6,144.426,6,2,1,146.579,2.156,0,2.156,NA,"grid1","A"
"9228_1_1.3T2",13,14,34,"pre","VNT",1,"grid",4,0,1,19,0,17,1,-2,"small double","Control_Acc",150.434,7.5,157.926,6,1,1,160.184,2.26,0,2.26,NA,"grid1","A"
"9228_1_1.3T2",16,17,26,"pre","VNT",1,"grid",4,0,1,2,0,5,2,3,"small single","Control_Acc",187.813,4.4,192.225,6,2,1,193.397,1.174,0,1.174,NA,"grid1","A"
"9228_1_1.3T2",0,1,12,"pre","VNT",1,"grid",4,0,1,19,7,28,2,2,"large double","Trained_Acc",0.001,6.5,6.509,6,2,1,9.313,2.806,0,2.806,NA,"grid1","A"
"9228_1_1.3T2",9,10,2,"pre","VNT",1,"grid",4,0,1,2,4,3,1,-3,"small single","Trained_Acc",99.717,6.5,106.211,6,1,1,109.098,2.89,0,2.89,NA,"grid1","A"
"9228_1_1.3T2",17,18,4,"pre","VNT",1,"grid",4,0,1,8,6,12,1,-2,"large single","Trained_Acc",198.219,7.2,205.412,6,1,1,210.118,4.708,0,4.708,NA,"grid1","A"
"9228_1_1.3T2",5,6,8,"pre","VNT",1,"grid",4,0,1,13,6,18,1,-1,"small double","Trained_InAcc",55.411,4.1,59.507,6,2,0,64.397,4.892,0,NA,NA,"grid1","A"
"9228_1_1.3T2",6,7,6,"pre","VNT",1,"grid",4,0,1,9,7,19,2,3,"large single","Trained_InAcc",65.518,7.6,73.111,6,NA,0,NA,NA,1,NA,NA,"grid1","A"
"9228_1_1.3T2",11,12,10,"pre","VNT",1,"grid",4,0,1,5,17,23,2,1,"large double","Trained_InAcc",125.806,7,132.801,6,1,0,138.492,5.693,0,NA,NA,"grid1","A"
"9228_1_1.3T2",1,2,16,"pre","VNT",1,"grid",4,0,1,5,9,12,1,-2,"large single","Untrained_Acc",12.52,5.7,18.215,6,1,1,21.256,3.044,0,3.044,NA,"grid1","A"
"9228_1_1.3T2",4,5,14,"pre","VNT",1,"grid",4,0,1,3,2,6,2,1,"small single","Untrained_Acc",44.522,4.9,49.401,6,2,1,52.541,3.144,0,3.144,NA,"grid1","A"
"9228_1_1.3T2",10,11,20,"pre","VNT",1,"grid",4,0,1,2,17,21,2,2,"small double","Untrained_Acc",112.205,7.6,119.814,6,2,1,123.772,3.961,0,3.961,NA,"grid1","A"
"9228_1_1.3T2",14,15,24,"pre","VNT",1,"grid",4,0,1,9,18,30,2,3,"large double","Untrained_Acc",163.92,7.6,171.513,6,2,1,176.44,4.93,0,4.93,NA,"grid1","A"
"9228_1_1.3T2",15,16,18,"pre","VNT",1,"grid",4,0,1,8,9,15,1,-2,"large single","Untrained_Acc",177.524,4.3,181.803,6,1,1,186.373,4.572,0,4.572,NA,"grid1","A"
"9228_1_1.3T2",3,4,22,"pre","VNT",1,"grid",4,0,1,13,9,20,1,-2,"large double","Untrained_InAcc",34.531,4,38.511,6,2,0,42.203,3.695,0,NA,NA,"grid1","A"
"9228_1_1.3T2",2,3,101,"pre","VNT",1,"sym",1,0,3,12,0,10,2,-2,"large single","Control_Acc",24.217,4.3,28.53,6,2,1,30.895,2.368,0,2.368,NA,"sym1","A"
"9228_1_1.3T2",6,7,99,"pre","VNT",1,"sym",1,0,3,9,0,11,2,2,"large single","Control_Acc",65.509,7.6,73.118,6,2,1,74.669,1.553,0,1.553,NA,"sym1","A"
"9228_1_1.3T2",7,8,107,"pre","VNT",1,"sym",1,0,3,24,0,24,1,0,"large double","Control_Acc",79.128,4.2,83.329,6,1,1,85.076,1.749,0,1.749,NA,"sym1","A"
"9228_1_1.3T2",12,13,103,"pre","VNT",1,"sym",1,0,3,17,0,16,2,-1,"small double","Control_Acc",138.804,5.6,144.431,6,2,1,145.765,1.336,0,1.336,NA,"sym1","A"
"9228_1_1.3T2",13,14,105,"pre","VNT",1,"sym",1,0,3,20,0,20,1,0,"large double","Control_Acc",150.424,7.5,157.919,6,1,1,159.368,1.452,0,1.452,NA,"sym1","A"
"9228_1_1.3T2",16,17,97,"pre","VNT",1,"sym",1,0,3,4,0,4,1,0,"small single","Control_Acc",187.805,4.4,192.217,6,1,1,193.968,1.753,0,1.753,NA,"sym1","A"
"9228_1_1.3T2",0,1,75,"pre","VNT",1,"sym",1,0,3,4,5,9,1,0,"small single","Trained_Acc",0.001,6.5,6.501,6,1,1,8.402,1.904,0,1.904,NA,"sym1","A"
"9228_1_1.3T2",8,9,79,"pre","VNT",1,"sym",1,0,3,4,12,16,1,0,"small double","Trained_Acc",89.337,4.4,93.714,6,1,1,96.298,2.586,0,2.586,NA,"sym1","A"
"9228_1_1.3T2",9,10,73,"pre","VNT",1,"sym",1,0,3,2,6,10,2,2,"small single","Trained_Acc",99.709,6.5,106.202,6,2,1,108.436,2.236,0,2.236,NA,"sym1","A"
"9228_1_1.3T2",14,15,83,"pre","VNT",1,"sym",1,0,3,6,19,22,2,-3,"large double","Trained_Acc",163.929,7.6,171.504,6,2,1,174.472,2.971,0,2.971,NA,"sym1","A"
"9228_1_1.3T2",15,16,77,"pre","VNT",1,"sym",1,0,3,9,4,10,2,-3,"large single","Trained_Acc",177.515,4.3,181.811,6,2,1,185.626,3.817,0,3.817,NA,"sym1","A"
"9228_1_1.3T2",5,6,81,"pre","VNT",1,"sym",1,0,3,14,9,23,1,0,"large double","Trained_InAcc",55.403,4.1,59.515,6,NA,0,NA,NA,1,NA,NA,"sym1","A"
"9228_1_1.3T2",1,2,89,"pre","VNT",1,"sym",1,0,3,4,8,12,1,0,"large single","Untrained_Acc",12.512,5.7,18.206,6,1,1,21.039,2.835,0,2.835,NA,"sym1","A"
"9228_1_1.3T2",3,4,95,"pre","VNT",1,"sym",1,0,3,17,8,28,2,3,"large double","Untrained_Acc",34.523,4,38.503,6,2,1,41.868,3.368,0,3.368,NA,"sym1","A"
"9228_1_1.3T2",4,5,87,"pre","VNT",1,"sym",1,0,3,8,2,9,2,-1,"small single","Untrained_Acc",44.513,4.9,49.409,6,2,1,51.559,2.153,0,2.153,NA,"sym1","A"
"9228_1_1.3T2",10,11,85,"pre","VNT",1,"sym",1,0,3,5,3,11,2,3,"small single","Untrained_Acc",112.214,7.6,119.806,6,2,1,121.59,1.787,0,1.787,NA,"sym1","A"
"9228_1_1.3T2",11,12,91,"pre","VNT",1,"sym",1,0,3,13,2,15,1,0,"small double","Untrained_Acc",125.816,7,132.809,6,1,1,134.943,2.136,0,2.136,NA,"sym1","A"
"9228_1_1.3T2",17,18,93,"pre","VNT",1,"sym",1,0,3,4,18,22,1,0,"large double","Untrained_Acc",198.236,7.2,205.405,6,1,1,209.305,3.904,0,3.904,NA,"sym1","A"
"9228_1_1.3T2",3,4,29,"pre","VNT",1,"sym",2,0,1,11,0,13,2,2,"large single","Control_Acc",34.515,4,38.527,6,2,1,39.961,1.437,0,1.437,NA,"sym1","A"
"9228_1_1.3T2",6,7,27,"pre","VNT",1,"sym",2,0,1,6,0,4,2,-2,"small single","Control_Acc",65.501,7.6,73.126,6,2,1,75.376,2.252,0,2.252,NA,"sym1","A"
"9228_1_1.3T2",7,8,25,"pre","VNT",1,"sym",2,0,1,2,0,2,1,0,"small single","Control_Acc",79.12,4.2,83.333,6,1,1,85.35,2.019,0,2.019,NA,"sym1","A"
"9228_1_1.3T2",13,14,33,"pre","VNT",1,"sym",2,0,1,19,0,19,1,0,"small double","Control_Acc",150.417,7.5,157.925,6,1,1,161.024,3.101,0,3.101,NA,"sym1","A"
"9228_1_1.3T2",14,15,35,"pre","VNT",1,"sym",2,0,1,22,0,21,2,-1,"large double","Control_Acc",163.92,7.6,171.529,6,2,1,173.046,1.52,0,1.52,NA,"sym1","A"
"9228_1_1.3T2",16,17,31,"pre","VNT",1,"sym",2,0,1,14,0,14,1,0,"small double","Control_Acc",187.813,4.4,192.225,6,1,1,193.609,1.388,0,1.388,NA,"sym1","A"
"9228_1_1.3T2",0,1,3,"pre","VNT",1,"sym",2,0,1,8,6,14,1,0,"large single","Trained_Acc",0.001,6.5,6.509,6,1,1,10.907,4.401,0,4.401,NA,"sym1","A"
"9228_1_1.3T2",5,6,11,"pre","VNT",1,"sym",2,0,1,19,7,23,2,-3,"large double","Trained_Acc",55.411,4.1,59.507,6,2,1,62.939,3.435,0,3.435,NA,"sym1","A"
"9228_1_1.3T2",8,9,7,"pre","VNT",1,"sym",2,0,1,13,6,20,2,1,"small double","Trained_Acc",89.329,4.4,93.706,6,2,1,99.02,5.317,0,5.317,NA,"sym1","A"
"9228_1_1.3T2",9,10,1,"pre","VNT",1,"sym",2,0,1,2,4,7,2,1,"small single","Trained_Acc",99.717,6.5,106.21,6,2,1,108.311,2.103,0,2.103,NA,"sym1","A"
"9228_1_1.3T2",12,13,9,"pre","VNT",1,"sym",2,0,1,5,17,22,1,0,"large double","Trained_Acc",138.812,5.6,144.406,6,1,1,148.221,3.817,0,3.817,NA,"sym1","A"
"9228_1_1.3T2",17,18,5,"pre","VNT",1,"sym",2,0,1,9,7,16,1,0,"large single","Trained_Acc",198.219,7.2,205.412,6,1,1,209.56,4.151,0,4.151,NA,"sym1","A"
"9228_1_1.3T2",1,2,19,"pre","VNT",1,"sym",2,0,1,2,17,20,2,1,"small double","Untrained_Acc",12.503,5.7,18.214,6,2,1,20.548,2.336,0,2.336,NA,"sym1","A"
"9228_1_1.3T2",2,3,15,"pre","VNT",1,"sym",2,0,1,5,9,14,1,0,"large single","Untrained_Acc",24.208,4.3,28.504,6,1,1,31.653,3.152,0,3.152,NA,"sym1","A"
"9228_1_1.3T2",10,11,13,"pre","VNT",1,"sym",2,0,1,3,2,5,1,0,"small single","Untrained_Acc",112.205,7.6,119.814,6,1,1,122.532,2.722,0,2.722,NA,"sym1","A"
"9228_1_1.3T2",11,12,17,"pre","VNT",1,"sym",2,0,1,8,9,19,2,2,"large single","Untrained_Acc",125.808,7,132.8,6,2,1,135.401,2.603,0,2.603,NA,"sym1","A"
"9228_1_1.3T2",15,16,23,"pre","VNT",1,"sym",2,0,1,9,18,26,2,-1,"large double","Untrained_Acc",177.523,4.3,181.802,6,2,1,186.917,5.118,0,5.118,NA,"sym1","A"
"9228_1_1.3T2",4,5,21,"pre","VNT",1,"sym",2,0,1,13,9,22,1,0,"large double","Untrained_InAcc",44.521,4.9,49.416,6,NA,0,NA,NA,1,NA,NA,"sym1","A"
"9228_1_1.3T2",3,4,71,"pre","VNT",1,"sym",3,0,2,23,0,20,2,-3,"large double","Control_Acc",34.51,4,38.522,6,2,1,40.006,1.487,0,1.487,NA,"sym1","A"
"9228_1_1.3T2",7,8,63,"pre","VNT",1,"sym",3,0,2,7,0,8,2,1,"small single","Control_Acc",79.115,4.2,83.328,6,2,1,84.762,1.436,0,1.436,NA,"sym1","A"
"9228_1_1.3T2",8,9,69,"pre","VNT",1,"sym",3,0,2,18,0,18,1,0,"small double","Control_Acc",89.322,4.4,93.718,6,1,1,95.551,1.835,0,1.835,NA,"sym1","A"
"9228_1_1.3T2",12,13,67,"pre","VNT",1,"sym",3,0,2,15,0,15,1,0,"small double","Control_Acc",138.806,5.6,144.417,6,1,1,146.601,2.186,0,2.186,NA,"sym1","A"
"9228_1_1.3T2",13,14,61,"pre","VNT",1,"sym",3,0,2,3,0,3,1,0,"small single","Control_Acc",150.437,7.5,157.92,6,1,1,159.305,1.388,0,1.388,NA,"sym1","A"
"9228_1_1.3T2",17,18,65,"pre","VNT",1,"sym",3,0,2,10,0,10,1,0,"large single","Control_Acc",198.215,7.2,205.424,6,1,1,206.991,1.57,0,1.57,NA,"sym1","A"
"9228_1_1.3T2",0,1,43,"pre","VNT",1,"sym",3,0,2,2,16,15,2,-3,"small double","Trained_Acc",0.001,6.5,6.504,6,2,1,10.303,3.801,0,3.801,NA,"sym1","A"
"9228_1_1.3T2",5,6,39,"pre","VNT",1,"sym",3,0,2,5,8,13,1,0,"large single","Trained_Acc",55.405,4.1,59.502,6,1,1,64.967,5.469,0,5.469,NA,"sym1","A"
"9228_1_1.3T2",6,7,45,"pre","VNT",1,"sym",3,0,2,17,3,23,2,3,"small double","Trained_Acc",65.513,7.6,73.104,6,2,1,76.987,3.884,0,3.884,NA,"sym1","A"
"9228_1_1.3T2",11,12,47,"pre","VNT",1,"sym",3,0,2,16,8,24,1,0,"large double","Trained_Acc",125.803,7,132.812,6,1,1,136.811,4.001,0,4.001,NA,"sym1","A"
"9228_1_1.3T2",14,15,41,"pre","VNT",1,"sym",3,0,2,6,9,13,2,-2,"large single","Trained_Acc",163.931,7.6,171.507,6,2,1,175.706,4.201,0,4.201,NA,"sym1","A"
"9228_1_1.3T2",15,16,37,"pre","VNT",1,"sym",3,0,2,5,2,7,1,0,"small single","Trained_Acc",177.502,4.3,181.814,6,1,1,184.048,2.236,0,2.236,NA,"sym1","A"
"9228_1_1.3T2",1,2,59,"pre","VNT",1,"sym",3,0,2,5,19,22,2,-2,"large double","Untrained_Acc",12.515,5.7,18.209,6,2,1,21.309,3.102,0,3.102,NA,"sym1","A"
"9228_1_1.3T2",2,3,49,"pre","VNT",1,"sym",3,0,2,3,4,7,1,0,"small single","Untrained_Acc",24.203,4.3,28.515,6,1,1,30,1.487,0,1.487,NA,"sym1","A"
"9228_1_1.3T2",4,5,57,"pre","VNT",1,"sym",3,0,2,6,14,23,2,3,"small double","Untrained_Acc",44.533,4.9,49.412,6,2,1,53.36,3.951,0,3.951,NA,"sym1","A"
"9228_1_1.3T2",9,10,55,"pre","VNT",1,"sym",3,0,2,13,5,18,1,0,"small double","Untrained_Acc",99.728,6.5,106.205,6,1,1,111.353,5.151,0,5.151,NA,"sym1","A"
"9228_1_1.3T2",10,11,51,"pre","VNT",1,"sym",3,0,2,7,6,10,2,-3,"large single","Untrained_Acc",112.216,7.6,119.808,6,2,1,121.709,1.903,0,1.903,NA,"sym1","A"
"9228_1_1.3T2",16,17,53,"pre","VNT",1,"sym",3,0,2,8,7,13,2,-2,"large single","Untrained_Acc",187.808,4.4,192.204,6,2,1,197.867,5.666,0,5.666,NA,"sym1","A"
"9228_1_1.3T2",3,4,143,"pre","VNT",1,"sym",4,0,4,25,0,22,2,-3,"large double","Control_Acc",34.311,5,39.332,6,2,1,40.923,1.594,0,1.594,NA,"sym1","A"
"9228_1_1.3T2",5,6,137,"pre","VNT",1,"sym",4,0,4,13,0,13,1,0,"large single","Control_Acc",58.904,8,66.929,6,1,1,68.164,1.238,0,1.238,NA,"sym1","A"
"9228_1_1.3T2",6,7,135,"pre","VNT",1,"sym",4,0,4,8,0,10,2,2,"large single","Control_Acc",72.93,4.1,77.019,6,2,1,81.968,4.954,0,4.954,NA,"sym1","A"
"9228_1_1.3T2",8,9,139,"pre","VNT",1,"sym",4,0,4,16,0,16,1,0,"small double","Control_Acc",93.104,7.4,100.529,6,1,1,102.03,1.503,0,1.503,NA,"sym1","A"
"9228_1_1.3T2",14,15,133,"pre","VNT",1,"sym",4,0,4,5,0,6,2,1,"small single","Control_Acc",164.716,4.3,169.029,6,2,1,170.279,1.252,0,1.252,NA,"sym1","A"
"9228_1_1.3T2",17,18,141,"pre","VNT",1,"sym",4,0,4,21,0,21,1,0,"large double","Control_Acc",199.315,4.3,203.627,6,1,1,204.912,1.287,0,1.287,NA,"sym1","A"
"9228_1_1.3T2",2,3,113,"pre","VNT",1,"sym",4,0,4,5,7,12,1,0,"large single","Trained_Acc",23.905,4.4,28.301,6,1,1,33.215,4.917,0,4.917,NA,"sym1","A"
"9228_1_1.3T2",9,10,111,"pre","VNT",1,"sym",4,0,4,7,3,12,2,2,"small single","Trained_Acc",106.523,6.9,113.417,6,2,1,116.166,2.752,0,2.752,NA,"sym1","A"
"9228_1_1.3T2",11,12,109,"pre","VNT",1,"sym",4,0,4,6,3,9,1,0,"small single","Trained_Acc",132.515,5.2,137.709,6,1,1,139.21,1.503,0,1.503,NA,"sym1","A"
"9228_1_1.3T2",12,13,117,"pre","VNT",1,"sym",4,0,4,5,14,22,2,3,"small double","Trained_Acc",143.704,4.3,148.016,6,2,1,150.866,2.852,0,2.852,NA,"sym1","A"
"9228_1_1.3T2",15,16,115,"pre","VNT",1,"sym",4,0,4,12,5,17,1,0,"small double","Trained_Acc",175.021,7.1,182.115,6,1,1,184.132,2.02,0,2.02,NA,"sym1","A"
"9228_1_1.3T2",16,17,119,"pre","VNT",1,"sym",4,0,4,5,18,24,2,1,"large double","Trained_Acc",188.11,5.2,193.304,6,2,1,196.937,3.635,0,3.635,NA,"sym1","A"
"9228_1_1.3T2",0,1,129,"pre","VNT",1,"sym",4,0,4,18,2,22,2,2,"small double","Untrained_Acc",0.001,6.5,6.506,6,2,1,8.789,2.286,0,2.286,NA,"sym1","A"
"9228_1_1.3T2",1,2,121,"pre","VNT",1,"sym",4,0,4,2,7,8,2,-1,"small single","Untrained_Acc",12.516,5.4,17.911,6,2,1,20.362,2.453,0,2.453,NA,"sym1","A"
"9228_1_1.3T2",4,5,127,"pre","VNT",1,"sym",4,0,4,3,14,17,1,0,"small double","Untrained_Acc",45.317,7.6,52.91,6,1,1,55.56,2.652,0,2.652,NA,"sym1","A"
"9228_1_1.3T2",7,8,123,"pre","VNT",1,"sym",4,0,4,4,6,10,1,0,"small single","Untrained_Acc",83.03,4.1,87.11,6,1,1,88.794,1.687,0,1.687,NA,"sym1","A"
"9228_1_1.3T2",10,11,125,"pre","VNT",1,"sym",4,0,4,9,3,12,1,0,"large single","Untrained_Acc",119.411,7.1,126.504,6,1,1,128.987,2.486,0,2.486,NA,"sym1","A"
"9228_1_1.3T2",13,14,131,"pre","VNT",1,"sym",4,0,4,16,7,25,2,2,"large double","Untrained_InAcc",154.01,4.7,158.705,6,NA,0,NA,NA,1,NA,NA,"sym1","A"
"9405_1_1.3T2",2,3,101,"pre","SPT",1,"sym",1,0,3,12,0,10,2,-2,"large single","Control_Acc",24.211,4.3,28.546,6,2,1,31.573,3.032,0,3.032,NA,"sym1","A"
"9405_1_1.3T2",6,7,99,"pre","SPT",1,"sym",1,0,3,9,0,11,2,2,"large single","Control_Acc",65.504,7.6,73.14,6,2,1,75.98,2.844,0,2.844,NA,"sym1","A"
"9405_1_1.3T2",7,8,107,"pre","SPT",1,"sym",1,0,3,24,0,24,1,0,"large double","Control_Acc",79.153,4.2,83.353,6,1,1,85.67,2.321,0,2.321,NA,"sym1","A"
"9405_1_1.3T2",12,13,103,"pre","SPT",1,"sym",1,0,3,17,0,16,2,-1,"small double","Control_Acc",138.815,5.6,144.457,6,2,1,147.692,3.239,0,3.239,NA,"sym1","A"
"9405_1_1.3T2",13,14,105,"pre","SPT",1,"sym",1,0,3,20,0,20,1,0,"large double","Control_Acc",150.44,7.5,157.961,6,1,1,159.747,1.79,0,1.79,NA,"sym1","A"
"9405_1_1.3T2",16,17,97,"pre","SPT",1,"sym",1,0,3,4,0,4,1,0,"small single","Control_Acc",187.816,4.4,192.254,6,1,1,195.046,2.796,0,2.796,NA,"sym1","A"
"9405_1_1.3T2",0,1,75,"pre","SPT",1,"sym",1,0,3,4,5,9,1,0,"small single","Trained_Acc",0.006,6.5,6.512,6,1,1,10.063,3.557,0,3.557,NA,"sym1","A"
"9405_1_1.3T2",8,9,79,"pre","SPT",1,"sym",1,0,3,4,12,16,1,0,"small double","Trained_Acc",89.368,4.4,93.709,6,1,1,97.558,3.87,0,3.87,NA,"sym1","A"
"9405_1_1.3T2",9,10,73,"pre","SPT",1,"sym",1,0,3,2,6,10,2,2,"small single","Trained_Acc",99.703,6.5,106.213,6,2,1,109.399,3.19,0,3.19,NA,"sym1","A"
"9405_1_1.3T2",15,16,77,"pre","SPT",1,"sym",1,0,3,9,4,10,2,-3,"large single","Trained_Acc",177.51,4.3,181.805,6,2,1,185.122,3.321,0,3.321,NA,"sym1","A"
"9405_1_1.3T2",5,6,81,"pre","SPT",1,"sym",1,0,3,14,9,23,1,0,"large double","Trained_InAcc",55.416,4.1,59.54,6,2,0,64.575,5.04,0,NA,NA,"sym1","A"
"9405_1_1.3T2",14,15,83,"pre","SPT",1,"sym",1,0,3,6,19,22,2,-3,"large double","Trained_InAcc",163.953,7.6,171.516,6,NA,0,NA,NA,1,NA,NA,"sym1","A"
"9405_1_1.3T2",1,2,89,"pre","SPT",1,"sym",1,0,3,4,8,12,1,0,"large single","Untrained_Acc",12.506,5.7,18.218,6,1,1,21.251,3.037,0,3.037,NA,"sym1","A"
"9405_1_1.3T2",4,5,87,"pre","SPT",1,"sym",1,0,3,8,2,9,2,-1,"small single","Untrained_Acc",44.508,4.9,49.402,6,2,1,52.371,2.973,0,2.973,NA,"sym1","A"
"9405_1_1.3T2",10,11,85,"pre","SPT",1,"sym",1,0,3,5,3,11,2,3,"small single","Untrained_Acc",112.207,7.6,119.817,6,2,1,122.985,3.204,0,3.204,NA,"sym1","A"
"9405_1_1.3T2",11,12,91,"pre","SPT",1,"sym",1,0,3,13,2,15,1,0,"small double","Untrained_Acc",125.811,7,132.804,6,1,1,137.371,4.572,0,4.572,NA,"sym1","A"
"9405_1_1.3T2",17,18,93,"pre","SPT",1,"sym",1,0,3,4,18,22,1,0,"large double","Untrained_Acc",198.23,7.2,205.416,6,1,1,210.932,5.521,0,5.521,NA,"sym1","A"
"9405_1_1.3T2",3,4,95,"pre","SPT",1,"sym",1,0,3,17,8,28,2,3,"large double","Untrained_InAcc",34.539,4,38.513,6,NA,0,NA,NA,1,NA,NA,"sym1","A"
"9409_1_1.3T2",3,4,567,"pre","SPT",4,"sym",1,0,4,8,0,8,1,0,"large single","Control_Acc",34.307,5,39.319,6,1,1,40.386,1.069,0,1.069,NA,"sym4","B"
"9409_1_1.3T2",5,6,565,"pre","SPT",4,"sym",1,0,4,5,0,5,1,0,"small single","Control_Acc",58.916,8,66.926,6,1,1,67.925,1.002,0,1.002,NA,"sym4","B"
"9409_1_1.3T2",6,7,573,"pre","SPT",4,"sym",1,0,4,21,0,18,2,-3,"large double","Control_Acc",72.919,4.1,77.032,6,2,1,78.698,1.668,0,1.668,NA,"sym4","B"
"9409_1_1.3T2",8,9,569,"pre","SPT",4,"sym",1,0,4,13,0,14,2,1,"large single","Control_Acc",93.115,7.4,100.525,6,2,1,102.307,1.785,0,1.785,NA,"sym4","B"
"9409_1_1.3T2",14,15,571,"pre","SPT",4,"sym",1,0,4,16,0,14,2,-2,"small double","Control_Acc",164.711,4.3,169.035,6,2,1,170.374,1.342,0,1.342,NA,"sym4","B"
"9409_1_1.3T2",17,18,575,"pre","SPT",4,"sym",1,0,4,25,0,26,2,1,"large double","Control_Acc",199.31,4.3,203.624,6,2,1,205.241,1.622,0,1.622,NA,"sym4","B"
"9409_1_1.3T2",0,1,553,"pre","SPT",4,"sym",1,0,4,7,2,9,1,0,"small single","Trained_Acc",0.001,6.5,6.501,6,1,1,8.968,2.47,0,2.47,NA,"sym4","B"
"9409_1_1.3T2",1,2,563,"pre","SPT",4,"sym",1,0,4,6,17,23,1,0,"large double","Trained_Acc",12.512,5.4,17.906,6,1,1,20.489,2.586,0,2.586,NA,"sym4","B"
"9409_1_1.3T2",7,8,559,"pre","SPT",4,"sym",1,0,4,13,4,14,2,-3,"small double","Trained_Acc",83.03,4.1,87.105,6,2,1,90.12,3.018,0,3.018,NA,"sym4","B"
"9409_1_1.3T2",10,11,555,"pre","SPT",4,"sym",1,0,4,6,4,10,1,0,"small single","Trained_Acc",119.406,7.1,126.515,6,1,1,128.949,2.436,0,2.436,NA,"sym4","B"
"9409_1_1.3T2",13,14,561,"pre","SPT",4,"sym",1,0,4,8,12,20,1,0,"small double","Trained_Acc",154.005,4.7,158.701,6,1,1,160.968,2.27,0,2.27,NA,"sym4","B"
"9409_1_1.3T2",4,5,557,"pre","SPT",4,"sym",1,0,4,3,9,14,2,2,"large single","Trained_InAcc",45.33,7.6,52.905,6,1,0,54.84,1.938,0,NA,NA,"sym4","B"
"9409_1_1.3T2",9,10,547,"pre","SPT",4,"sym",1,0,4,2,15,17,1,0,"small double","Untrained_Acc",106.525,6.9,113.412,6,1,1,116.111,2.702,0,2.702,NA,"sym4","B"
"9409_1_1.3T2",11,12,551,"pre","SPT",4,"sym",1,0,4,15,8,25,2,2,"large double","Untrained_Acc",132.51,5.2,137.704,6,2,1,139.605,1.904,0,1.904,NA,"sym4","B"
"9409_1_1.3T2",12,13,543,"pre","SPT",4,"sym",1,0,4,3,7,10,1,0,"small single","Untrained_Acc",143.715,4.3,148.011,6,1,1,150.078,2.07,0,2.07,NA,"sym4","B"
"9409_1_1.3T2",15,16,541,"pre","SPT",4,"sym",1,0,4,3,6,8,2,-1,"small single","Untrained_Acc",175.019,7.1,182.111,6,2,1,184.028,1.919,0,1.919,NA,"sym4","B"
"9409_1_1.3T2",2,3,549,"pre","SPT",4,"sym",1,0,4,15,4,18,2,-1,"small double","Untrained_InAcc",23.917,4.4,28.312,6,1,0,30.596,2.286,0,NA,NA,"sym4","B"
"9409_1_1.3T2",16,17,545,"pre","SPT",4,"sym",1,0,4,7,5,12,1,0,"large single","Untrained_InAcc",188.105,5.2,193.316,6,2,0,195.883,2.569,0,NA,NA,"sym4","B"
"9409_1_1.3T2",6,7,529,"pre","SPT",4,"sym",2,0,3,4,0,4,1,0,"small single","Control_Acc",65.501,7.6,73.127,6,1,1,74.311,1.186,0,1.186,NA,"sym4","B"
"9409_1_1.3T2",7,8,539,"pre","SPT",4,"sym",2,0,3,24,0,26,2,2,"large double","Control_Acc",79.121,4.2,83.334,6,2,1,85.05,1.719,0,1.719,NA,"sym4","B"
"9409_1_1.3T2",12,13,531,"pre","SPT",4,"sym",2,0,3,9,0,9,1,0,"large single","Control_Acc",138.812,5.6,144.425,6,1,1,145.673,1.251,0,1.251,NA,"sym4","B"
"9409_1_1.3T2",13,14,533,"pre","SPT",4,"sym",2,0,3,12,0,9,2,-3,"large single","Control_Acc",150.434,7.5,157.927,6,2,1,160.393,2.469,0,2.469,NA,"sym4","B"
"9409_1_1.3T2",16,17,537,"pre","SPT",4,"sym",2,0,3,20,0,20,1,0,"large double","Control_Acc",187.814,4.4,192.226,6,1,1,194.209,1.985,0,1.985,NA,"sym4","B"
"9409_1_1.3T2",2,3,535,"pre","SPT",4,"sym",2,0,3,17,0,17,1,0,"small double","Control_InAcc",24.208,4.3,28.521,6,2,0,29.871,1.353,0,NA,NA,"sym4","B"
"9409_1_1.3T2",1,2,519,"pre","SPT",4,"sym",2,0,3,2,8,10,1,0,"small single","Trained_Acc",12.503,5.7,18.214,6,1,1,19.698,1.487,0,1.487,NA,"sym4","B"
"9409_1_1.3T2",3,4,521,"pre","SPT",4,"sym",2,0,3,8,4,13,2,1,"large single","Trained_Acc",34.532,4,38.51,6,2,1,41.461,2.954,0,2.954,NA,"sym4","B"
"9409_1_1.3T2",10,11,527,"pre","SPT",4,"sym",2,0,3,7,18,23,2,-2,"large double","Trained_Acc",112.204,7.6,119.813,6,2,1,123.213,3.402,0,3.402,NA,"sym4","B"
"9409_1_1.3T2",11,12,525,"pre","SPT",4,"sym",2,0,3,14,8,22,1,0,"large double","Trained_Acc",125.808,7,132.801,6,1,1,135.634,2.835,0,2.835,NA,"sym4","B"
"9409_1_1.3T2",17,18,523,"pre","SPT",4,"sym",2,0,3,3,12,15,1,0,"small double","Trained_Acc",198.221,7.2,205.413,6,1,1,208.762,3.351,0,3.351,NA,"sym4","B"
"9409_1_1.3T2",4,5,517,"pre","SPT",4,"sym",2,0,3,3,5,7,2,-1,"small single","Trained_InAcc",44.505,4.9,49.416,6,1,0,52.283,2.869,0,NA,NA,"sym4","B"
"9409_1_1.3T2",15,16,511,"pre","SPT",4,"sym",2,0,3,14,2,19,2,3,"small double","Untrained_Acc",177.507,4.3,181.802,6,2,1,184.12,2.32,0,2.32,NA,"sym4","B"
"9409_1_1.3T2",0,1,507,"pre","SPT",4,"sym",2,0,3,5,4,10,2,1,"small single","Untrained_InAcc",0.001,6.5,6.509,6,1,0,8.143,1.636,0,NA,NA,"sym4","B"
"9409_1_1.3T2",5,6,513,"pre","SPT",4,"sym",2,0,3,4,19,26,2,3,"large double","Untrained_InAcc",55.41,4.1,59.507,6,1,0,61.84,2.336,0,NA,NA,"sym4","B"
"9409_1_1.3T2",8,9,505,"pre","SPT",4,"sym",2,0,3,6,2,8,1,0,"small single","Untrained_InAcc",89.328,4.4,93.706,6,2,0,95.623,1.92,0,NA,NA,"sym4","B"
"9409_1_1.3T2",9,10,509,"pre","SPT",4,"sym",2,0,3,4,9,14,2,1,"large single","Untrained_InAcc",99.717,6.5,106.21,6,1,0,108.544,2.336,0,NA,NA,"sym4","B"
"9409_1_1.3T2",14,15,515,"pre","SPT",4,"sym",2,0,3,16,9,25,1,0,"large double","Untrained_InAcc",163.921,7.6,171.513,6,2,0,174.279,2.769,0,NA,NA,"sym4","B"
"9409_1_1.3T2",3,4,503,"pre","SPT",4,"sym",3,0,2,23,0,23,1,0,"large double","Control_Acc",34.501,4,38.531,6,1,1,39.78,1.252,0,1.252,NA,"sym4","B"
"9409_1_1.3T2",7,8,497,"pre","SPT",4,"sym",3,0,2,10,0,10,1,0,"large single","Control_Acc",79.107,4.2,83.32,6,1,1,84.387,1.07,0,1.07,NA,"sym4","B"
"9409_1_1.3T2",8,9,493,"pre","SPT",4,"sym",3,0,2,3,0,1,2,-2,"small single","Control_Acc",89.33,4.4,93.726,6,2,1,95.709,1.985,0,1.985,NA,"sym4","B"
"9409_1_1.3T2",12,13,501,"pre","SPT",4,"sym",3,0,2,18,0,17,2,-1,"small double","Control_Acc",138.815,5.6,144.427,6,2,1,145.826,1.401,0,1.401,NA,"sym4","B"
"9409_1_1.3T2",13,14,499,"pre","SPT",4,"sym",3,0,2,15,0,18,2,3,"small double","Control_Acc",150.42,7.5,157.93,6,2,1,159.496,1.569,0,1.569,NA,"sym4","B"
"9409_1_1.3T2",17,18,495,"pre","SPT",4,"sym",3,0,2,7,0,6,2,-1,"small single","Control_Acc",198.206,7.2,205.441,6,2,1,207.298,1.86,0,1.86,NA,"sym4","B"
"9409_1_1.3T2",2,3,487,"pre","SPT",4,"sym",3,0,2,3,15,18,1,0,"small double","Trained_Acc",24.211,4.3,28.507,6,1,1,33.371,4.867,0,4.867,NA,"sym4","B"
"9409_1_1.3T2",9,10,489,"pre","SPT",4,"sym",3,0,2,16,4,20,1,0,"small double","Trained_Acc",99.72,6.5,106.213,6,1,1,108.297,2.087,0,2.087,NA,"sym4","B"
"9409_1_1.3T2",10,11,491,"pre","SPT",4,"sym",3,0,2,15,9,24,1,0,"large double","Trained_Acc",112.207,7.6,119.817,6,1,1,122.6,2.786,0,2.786,NA,"sym4","B"
"9409_1_1.3T2",16,17,481,"pre","SPT",4,"sym",3,0,2,4,3,10,2,3,"small single","Trained_Acc",187.816,4.4,192.212,6,2,1,195.478,3.268,0,3.268,NA,"sym4","B"
"9409_1_1.3T2",1,2,483,"pre","SPT",4,"sym",3,0,2,6,7,13,1,0,"large single","Trained_InAcc",12.506,5.7,18.217,6,2,0,21.267,3.052,0,NA,NA,"sym4","B"
"9409_1_1.3T2",4,5,485,"pre","SPT",4,"sym",3,0,2,7,8,16,2,1,"large single","Trained_InAcc",44.525,4.9,49.403,6,1,0,52.269,2.869,0,NA,NA,"sym4","B"
"9409_1_1.3T2",5,6,477,"pre","SPT",4,"sym",3,0,2,7,13,20,1,0,"small double","Untrained_Acc",55.413,4.1,59.509,6,1,1,62.575,3.068,0,3.068,NA,"sym4","B"
"9409_1_1.3T2",11,12,473,"pre","SPT",4,"sym",3,0,2,9,6,13,2,-2,"large single","Untrained_Acc",125.811,7,132.804,6,2,1,136.286,3.484,0,3.484,NA,"sym4","B"
"9409_1_1.3T2",14,15,471,"pre","SPT",4,"sym",3,0,2,8,5,13,1,0,"large single","Untrained_Acc",163.924,7.6,171.515,6,1,1,174.132,2.62,0,2.62,NA,"sym4","B"
"9409_1_1.3T2",15,16,469,"pre","SPT",4,"sym",3,0,2,2,5,4,2,-3,"small single","Untrained_Acc",177.509,4.3,181.805,6,2,1,184.772,2.971,0,2.971,NA,"sym4","B"
"9409_1_1.3T2",0,1,479,"pre","SPT",4,"sym",3,0,2,6,18,26,2,2,"large double","Untrained_InAcc",0.001,6.5,6.511,6,1,0,8.345,1.837,0,NA,NA,"sym4","B"
"9409_1_1.3T2",6,7,475,"pre","SPT",4,"sym",3,0,2,12,6,18,1,0,"small double","Untrained_InAcc",65.504,7.6,73.113,6,2,0,75.429,2.319,0,NA,NA,"sym4","B"
"9409_1_1.3T2",3,4,461,"pre","SPT",4,"sym",4,0,1,11,0,11,1,0,"large single","Control_Acc",34.511,4,38.525,6,1,1,39.774,1.252,0,1.252,NA,"sym4","B"
"9409_1_1.3T2",6,7,459,"pre","SPT",4,"sym",4,0,1,6,0,6,1,0,"small single","Control_Acc",65.513,7.6,73.124,6,1,1,74.24,1.119,0,1.119,NA,"sym4","B"
"9409_1_1.3T2",7,8,467,"pre","SPT",4,"sym",4,0,1,22,0,20,2,-2,"large double","Control_Acc",79.134,4.2,83.329,6,2,1,84.813,1.486,0,1.486,NA,"sym4","B"
"9409_1_1.3T2",13,14,457,"pre","SPT",4,"sym",4,0,1,2,0,1,2,-1,"small single","Control_Acc",150.413,7.5,157.924,6,2,1,159.073,1.152,0,1.152,NA,"sym4","B"
"9409_1_1.3T2",14,15,463,"pre","SPT",4,"sym",4,0,1,14,0,14,1,0,"small double","Control_Acc",163.934,7.6,171.526,6,1,1,172.842,1.319,0,1.319,NA,"sym4","B"
"9409_1_1.3T2",16,17,465,"pre","SPT",4,"sym",4,0,1,19,0,19,1,0,"small double","Control_Acc",187.809,4.4,192.222,6,1,1,193.639,1.419,0,1.419,NA,"sym4","B"
"9409_1_1.3T2",1,2,455,"pre","SPT",4,"sym",4,0,1,19,8,28,2,1,"large double","Trained_Acc",12.516,5.7,18.21,6,2,1,20.51,2.304,0,2.304,NA,"sym4","B"
"9409_1_1.3T2",2,3,447,"pre","SPT",4,"sym",4,0,1,9,5,14,1,0,"large single","Trained_Acc",24.204,4.3,28.516,6,1,1,30.433,1.92,0,1.92,NA,"sym4","B"
"9409_1_1.3T2",4,5,453,"pre","SPT",4,"sym",4,0,1,3,19,21,2,-1,"large double","Trained_Acc",44.518,4.9,49.412,6,2,1,52.828,3.418,0,3.418,NA,"sym4","B"
"9409_1_1.3T2",10,11,449,"pre","SPT",4,"sym",4,0,1,9,8,17,1,0,"large single","Trained_Acc",112.201,7.6,119.81,6,1,1,122.942,3.135,0,3.135,NA,"sym4","B"
"9409_1_1.3T2",11,12,445,"pre","SPT",4,"sym",4,0,1,2,3,6,2,1,"small single","Trained_Acc",125.804,7,132.813,6,2,1,136.129,3.318,0,3.318,NA,"sym4","B"
"9409_1_1.3T2",15,16,451,"pre","SPT",4,"sym",4,0,1,12,7,19,1,0,"small double","Trained_Acc",177.52,4.3,181.816,6,1,1,185.031,3.218,0,3.218,NA,"sym4","B"
"9409_1_1.3T2",5,6,433,"pre","SPT",4,"sym",4,0,1,4,2,6,1,0,"small single","Untrained_Acc",55.407,4.1,59.502,6,1,1,61.32,1.82,0,1.82,NA,"sym4","B"
"9409_1_1.3T2",8,9,439,"pre","SPT",4,"sym",4,0,1,3,16,21,2,2,"small double","Untrained_Acc",89.325,4.4,93.702,6,2,1,95.904,2.205,0,2.205,NA,"sym4","B"
"9409_1_1.3T2",9,10,437,"pre","SPT",4,"sym",4,0,1,7,9,17,2,1,"large single","Untrained_Acc",99.713,6.5,106.206,6,2,1,109.189,2.985,0,2.985,NA,"sym4","B"
"9409_1_1.3T2",12,13,441,"pre","SPT",4,"sym",4,0,1,15,7,19,2,-3,"large double","Untrained_Acc",138.808,5.6,144.402,6,2,1,147.585,3.186,0,3.186,NA,"sym4","B"
"9409_1_1.3T2",17,18,443,"pre","SPT",4,"sym",4,0,1,9,17,26,1,0,"large double","Untrained_Acc",198.233,7.2,205.408,6,1,1,208.508,3.102,0,3.102,NA,"sym4","B"
"9409_1_1.3T2",0,1,435,"pre","SPT",4,"sym",4,0,1,6,8,15,2,1,"large single","Untrained_InAcc",0.001,6.5,6.505,6,1,0,8.306,1.805,0,NA,NA,"sym4","B"
"9409_1_1.3T2",2,3,251,"pre","SPT",2,"sym",NA,1,3,24,0,24,1,0,"large double","Control_Acc",24.216,4.3,28.53,6,1,1,29.663,1.135,0,1.135,2,"sym2","B"
"9409_1_1.3T2",3,4,175,"pre","SPT",2,"sym",NA,1,1,14,0,13,2,-1,"small double","Control_Acc",34.509,4,38.522,6,2,1,40.039,1.519,0,1.519,4,"sym2","B"
"9409_1_1.3T2",3,4,211,"pre","SPT",2,"sym",NA,1,2,15,0,15,1,0,"small double","Control_Acc",34.512,4,38.526,6,1,1,39.693,1.17,0,1.17,3,"sym2","B"
"9409_1_1.3T2",3,4,281,"pre","SPT",2,"sym",NA,1,4,13,0,13,1,0,"large single","Control_Acc",34.309,5,39.322,6,1,1,40.555,1.235,0,1.235,1,"sym2","B"
"9409_1_1.3T2",5,6,277,"pre","SPT",2,"sym",NA,1,4,5,0,7,2,2,"small single","Control_Acc",58.902,8,66.94,6,2,1,68.861,1.924,0,1.924,1,"sym2","B"
"9409_1_1.3T2",6,7,247,"pre","SPT",2,"sym",NA,1,3,17,0,15,2,-2,"small double","Control_Acc",65.509,7.6,73.128,6,2,1,75.071,1.947,0,1.947,2,"sym2","B"
"9409_1_1.3T2",6,7,179,"pre","SPT",2,"sym",NA,1,1,22,0,22,1,0,"large double","Control_Acc",65.512,7.6,73.128,6,1,1,74.838,1.714,0,1.714,4,"sym2","B"
"9409_1_1.3T2",6,7,283,"pre","SPT",2,"sym",NA,1,4,16,0,16,1,0,"small double","Control_Acc",72.923,4.1,77.019,6,1,1,78.335,1.32,0,1.32,1,"sym2","B"
"9409_1_1.3T2",7,8,171,"pre","SPT",2,"sym",NA,1,1,6,0,3,2,-3,"small single","Control_Acc",79.132,4.2,83.331,6,2,1,85.544,2.217,0,2.217,4,"sym2","B"
"9409_1_1.3T2",7,8,205,"pre","SPT",2,"sym",NA,1,2,3,0,3,1,0,"small single","Control_Acc",79.102,4.2,83.335,6,1,1,84.431,1.098,0,1.098,3,"sym2","B"
"9409_1_1.3T2",7,8,245,"pre","SPT",2,"sym",NA,1,3,12,0,12,1,0,"large single","Control_Acc",79.153,4.2,83.349,6,1,1,85.076,1.732,0,1.732,2,"sym2","B"
"9409_1_1.3T2",8,9,207,"pre","SPT",2,"sym",NA,1,2,7,0,7,1,0,"small single","Control_Acc",89.326,4.4,93.721,6,1,1,94.688,0.97,0,0.97,3,"sym2","B"
"9409_1_1.3T2",8,9,279,"pre","SPT",2,"sym",NA,1,4,8,0,11,2,3,"large single","Control_Acc",93.101,7.4,100.548,6,2,1,102.162,1.619,0,1.619,1,"sym2","B"
"9409_1_1.3T2",12,13,209,"pre","SPT",2,"sym",NA,1,2,10,0,11,2,1,"large single","Control_Acc",138.809,5.6,144.425,6,2,1,146.287,1.864,0,1.864,3,"sym2","B"
"9409_1_1.3T2",12,13,249,"pre","SPT",2,"sym",NA,1,3,20,0,18,2,-2,"large double","Control_Acc",138.803,5.6,144.437,6,2,1,146.231,1.796,0,1.796,2,"sym2","B"
"9409_1_1.3T2",13,14,169,"pre","SPT",2,"sym",NA,1,1,2,0,2,1,0,"small single","Control_Acc",150.412,7.5,157.921,6,1,1,160.137,2.218,0,2.218,4,"sym2","B"
"9409_1_1.3T2",13,14,215,"pre","SPT",2,"sym",NA,1,2,23,0,21,2,-2,"large double","Control_Acc",150.432,7.5,157.926,6,2,1,160.206,2.283,0,2.283,3,"sym2","B"
"9409_1_1.3T2",13,14,243,"pre","SPT",2,"sym",NA,1,3,9,0,12,2,3,"large single","Control_Acc",150.43,7.5,157.934,6,2,1,159.403,1.475,0,1.475,2,"sym2","B"
"9409_1_1.3T2",14,15,287,"pre","SPT",2,"sym",NA,1,4,25,0,25,1,0,"large double","Control_Acc",164.714,4.3,169.029,6,1,1,170.194,1.168,0,1.168,1,"sym2","B"
"9409_1_1.3T2",14,15,177,"pre","SPT",2,"sym",NA,1,1,19,0,17,2,-2,"small double","Control_Acc",163.938,7.6,171.525,6,2,1,173.141,1.618,0,1.618,4,"sym2","B"
"9409_1_1.3T2",16,17,173,"pre","SPT",2,"sym",NA,1,1,11,0,12,2,1,"large single","Control_Acc",187.808,4.4,192.221,6,2,1,196.185,3.966,0,3.966,4,"sym2","B"
"9409_1_1.3T2",16,17,241,"pre","SPT",2,"sym",NA,1,3,4,0,7,2,3,"small single","Control_Acc",187.805,4.4,192.229,6,2,1,193.867,1.641,0,1.641,2,"sym2","B"
"9409_1_1.3T2",17,18,285,"pre","SPT",2,"sym",NA,1,4,21,0,21,1,0,"large double","Control_Acc",199.313,4.3,203.626,6,1,1,204.843,1.219,0,1.219,1,"sym2","B"
"9409_1_1.3T2",17,18,213,"pre","SPT",2,"sym",NA,1,2,18,0,18,1,0,"small double","Control_Acc",198.201,7.2,205.431,6,1,1,206.561,1.132,0,1.132,3,"sym2","B"
"9409_1_1.3T2",1,2,273,"pre","SPT",2,"sym",NA,1,4,2,18,23,2,3,"small double","Trained_Acc",12.514,5.4,17.908,6,2,1,19.976,2.07,0,2.07,1,"sym2","B"
"9409_1_1.3T2",1,2,231,"pre","SPT",2,"sym",NA,1,3,2,8,13,2,3,"small single","Trained_Acc",12.511,5.7,18.205,6,2,1,20.139,1.937,0,1.937,2,"sym2","B"
"9409_1_1.3T2",1,2,201,"pre","SPT",2,"sym",NA,1,2,14,6,21,2,1,"small double","Trained_Acc",12.501,5.7,18.211,6,2,1,20.511,2.302,0,2.302,3,"sym2","B"
"9409_1_1.3T2",2,3,161,"pre","SPT",2,"sym",NA,1,1,9,8,20,2,3,"large single","Trained_Acc",24.203,4.3,28.515,6,2,1,31.415,2.903,0,2.903,4,"sym2","B"
"9409_1_1.3T2",3,4,235,"pre","SPT",2,"sym",NA,1,3,2,13,17,2,2,"small double","Trained_Acc",34.523,4,38.502,6,2,1,42.584,4.084,0,4.084,2,"sym2","B"
"9409_1_1.3T2",4,5,233,"pre","SPT",2,"sym",NA,1,3,8,4,12,1,0,"large single","Trained_Acc",44.513,4.9,49.408,6,1,1,51.408,2.003,0,2.003,2,"sym2","B"
"9409_1_1.3T2",4,5,197,"pre","SPT",2,"sym",NA,1,2,7,8,15,1,0,"large single","Trained_Acc",44.521,4.9,49.414,6,1,1,52.814,3.402,0,3.402,3,"sym2","B"
"9409_1_1.3T2",4,5,265,"pre","SPT",2,"sym",NA,1,4,7,2,11,2,2,"small single","Trained_Acc",45.348,7.6,52.908,6,2,1,55.093,2.19,0,2.19,1,"sym2","B"
"9409_1_1.3T2",7,8,271,"pre","SPT",2,"sym",NA,1,4,14,3,17,1,0,"small double","Trained_Acc",83.033,4.1,87.107,6,1,1,91.024,3.921,0,3.921,1,"sym2","B"
"9409_1_1.3T2",9,10,203,"pre","SPT",2,"sym",NA,1,2,19,5,25,2,1,"large double","Trained_Acc",99.732,6.5,106.208,6,2,1,108.409,2.204,0,2.204,3,"sym2","B"
"9409_1_1.3T2",10,11,237,"pre","SPT",2,"sym",NA,1,3,18,4,24,2,2,"large double","Trained_Acc",112.213,7.6,119.805,6,2,1,124.489,4.688,0,4.688,2,"sym2","B"
"9409_1_1.3T2",10,11,159,"pre","SPT",2,"sym",NA,1,1,9,5,17,2,3,"large single","Trained_Acc",112.216,7.6,119.808,6,2,1,123.874,4.068,0,4.068,4,"sym2","B"
"9409_1_1.3T2",10,11,193,"pre","SPT",2,"sym",NA,1,2,4,3,7,1,0,"small single","Trained_Acc",112.203,7.6,119.811,6,1,1,122.994,3.185,0,3.185,3,"sym2","B"
"9409_1_1.3T2",10,11,269,"pre","SPT",2,"sym",NA,1,4,3,9,12,1,0,"large single","Trained_Acc",119.409,7.1,126.502,6,1,1,128.62,2.122,0,2.122,1,"sym2","B"
"9409_1_1.3T2",11,12,229,"pre","SPT",2,"sym",NA,1,3,3,5,8,1,0,"small single","Trained_Acc",125.816,7,132.809,6,1,1,135.841,3.036,0,3.036,2,"sym2","B"
"9409_1_1.3T2",11,12,163,"pre","SPT",2,"sym",NA,1,1,17,2,21,2,2,"small double","Trained_Acc",125.803,7,132.812,6,2,1,135.395,2.586,0,2.586,4,"sym2","B"
"9409_1_1.3T2",13,14,267,"pre","SPT",2,"sym",NA,1,4,6,4,12,2,2,"small single","Trained_Acc",154.008,4.7,158.703,6,2,1,160.67,1.97,0,1.97,1,"sym2","B"
"9409_1_1.3T2",0,1,275,"pre","SPT",2,"sym",NA,1,4,7,16,21,2,-2,"large double","Trained_InAcc",0.001,6.5,6.503,6,1,0,8.853,2.352,0,NA,1,"sym2","B"
"9409_1_1.3T2",1,2,167,"pre","SPT",2,"sym",NA,1,1,18,9,27,1,0,"large double","Trained_InAcc",12.514,5.7,18.209,6,2,0,21.459,3.254,0,NA,4,"sym2","B"
"9409_1_1.3T2",2,3,195,"pre","SPT",2,"sym",NA,1,2,6,7,15,2,2,"large single","Trained_InAcc",24.206,4.3,28.501,6,1,0,32.067,3.569,0,NA,3,"sym2","B"
"9409_1_1.3T2",4,5,157,"pre","SPT",2,"sym",NA,1,1,2,3,5,1,0,"small single","Trained_InAcc",44.533,4.9,49.411,6,2,0,51.594,2.186,0,NA,4,"sym2","B"
"9409_1_1.3T2",15,16,165,"pre","SPT",2,"sym",NA,1,1,9,13,22,1,0,"large double","Trained_InAcc",177.519,4.3,181.814,6,2,0,185.296,3.485,0,NA,4,"sym2","B"
"9409_1_1.3T2",16,17,199,"pre","SPT",2,"sym",NA,1,2,5,13,17,2,-1,"small double","Trained_InAcc",187.811,4.4,192.207,6,1,0,196.755,4.551,0,NA,3,"sym2","B"
"9409_1_1.3T2",17,18,239,"pre","SPT",2,"sym",NA,1,3,8,17,25,1,0,"large double","Trained_InAcc",198.229,7.2,205.404,6,2,0,209.521,4.12,0,NA,2,"sym2","B"
"9409_1_1.3T2",0,1,223,"pre","SPT",2,"sym",NA,1,3,12,4,16,1,0,"small double","Untrained_Acc",0.001,6.5,6.501,6,1,1,9.117,2.619,0,2.619,2,"sym2","B"
"9409_1_1.3T2",0,1,147,"pre","SPT",2,"sym",NA,1,1,6,8,14,1,0,"large single","Untrained_Acc",0.001,6.5,6.504,6,1,1,8.736,2.235,0,2.235,4,"sym2","B"
"9409_1_1.3T2",0,1,187,"pre","SPT",2,"sym",NA,1,2,16,2,15,2,-3,"small double","Untrained_Acc",0.001,6.5,6.506,6,2,1,8.64,2.136,0,2.136,3,"sym2","B"
"9409_1_1.3T2",2,3,263,"pre","SPT",2,"sym",NA,1,4,18,5,23,1,0,"large double","Untrained_Acc",23.903,4.4,28.315,6,1,1,32.114,3.802,0,3.802,1,"sym2","B"
"9409_1_1.3T2",5,6,151,"pre","SPT",2,"sym",NA,1,1,6,13,19,1,0,"small double","Untrained_Acc",55.405,4.1,59.501,6,1,1,64.216,4.717,0,4.717,4,"sym2","B"
"9409_1_1.3T2",5,6,221,"pre","SPT",2,"sym",NA,1,3,4,9,13,1,0,"large single","Untrained_Acc",55.402,4.1,59.515,6,1,1,61.682,2.17,0,2.17,2,"sym2","B"
"9409_1_1.3T2",6,7,183,"pre","SPT",2,"sym",NA,1,2,8,5,14,2,1,"large single","Untrained_Acc",65.515,7.6,73.107,6,2,1,77.389,4.284,0,4.284,3,"sym2","B"
"9409_1_1.3T2",8,9,145,"pre","SPT",2,"sym",NA,1,1,4,2,5,2,-1,"small single","Untrained_Acc",89.335,4.4,93.701,6,2,1,95.685,1.987,0,1.987,4,"sym2","B"
"9409_1_1.3T2",8,9,217,"pre","SPT",2,"sym",NA,1,3,6,2,10,2,2,"small single","Untrained_Acc",89.358,4.4,93.715,6,2,1,96.5,2.79,0,2.79,2,"sym2","B"
"9409_1_1.3T2",9,10,227,"pre","SPT",2,"sym",NA,1,3,19,6,28,2,3,"large double","Untrained_Acc",99.709,6.5,106.202,6,2,1,108.753,2.556,0,2.556,2,"sym2","B"
"9409_1_1.3T2",9,10,153,"pre","SPT",2,"sym",NA,1,1,17,5,22,1,0,"large double","Untrained_Acc",99.711,6.5,106.205,6,1,1,110.053,3.852,0,3.852,4,"sym2","B"
"9409_1_1.3T2",9,10,261,"pre","SPT",2,"sym",NA,1,4,14,5,19,1,0,"small double","Untrained_Acc",106.546,6.9,113.414,6,1,1,116.2,2.79,0,2.79,1,"sym2","B"
"9409_1_1.3T2",11,12,189,"pre","SPT",2,"sym",NA,1,2,3,17,19,2,-1,"small double","Untrained_Acc",125.805,7,132.815,6,2,1,136.53,3.718,0,3.718,3,"sym2","B"
"9409_1_1.3T2",11,12,259,"pre","SPT",2,"sym",NA,1,4,5,12,19,2,2,"small double","Untrained_Acc",132.512,5.2,137.707,6,2,1,141.157,3.454,0,3.454,1,"sym2","B"
"9409_1_1.3T2",12,13,255,"pre","SPT",2,"sym",NA,1,4,3,7,11,2,1,"small single","Untrained_Acc",143.702,4.3,148.014,6,2,1,151.446,3.435,0,3.435,1,"sym2","B"
"9409_1_1.3T2",14,15,219,"pre","SPT",2,"sym",NA,1,3,5,4,9,1,0,"small single","Untrained_Acc",163.934,7.6,171.504,6,1,1,174.038,2.536,0,2.536,2,"sym2","B"
"9409_1_1.3T2",14,15,185,"pre","SPT",2,"sym",NA,1,2,9,6,15,1,0,"large single","Untrained_Acc",163.918,7.6,171.51,6,1,1,175.358,3.851,0,3.851,3,"sym2","B"
"9409_1_1.3T2",15,16,181,"pre","SPT",2,"sym",NA,1,2,2,5,7,1,0,"small single","Untrained_Acc",177.504,4.3,181.8,6,1,1,185.1,3.303,0,3.303,3,"sym2","B"
"9409_1_1.3T2",15,16,253,"pre","SPT",2,"sym",NA,1,4,3,6,9,1,0,"small single","Untrained_Acc",175.02,7.1,182.114,6,1,1,186.961,4.85,0,4.85,1,"sym2","B"
"9409_1_1.3T2",17,18,155,"pre","SPT",2,"sym",NA,1,1,7,19,27,2,1,"large double","Untrained_Acc",198.231,7.2,205.407,6,2,1,209.722,4.317,0,4.317,4,"sym2","B"
"9409_1_1.3T2",5,6,191,"pre","SPT",2,"sym",NA,1,2,8,16,24,1,0,"large double","Untrained_InAcc",55.408,4.1,59.504,6,2,0,64.686,5.186,0,NA,3,"sym2","B"
"9409_1_1.3T2",12,13,149,"pre","SPT",2,"sym",NA,1,1,7,9,16,1,0,"large single","Untrained_InAcc",138.806,5.6,144.401,6,2,0,148.316,3.918,0,NA,4,"sym2","B"
"9409_1_1.3T2",15,16,225,"pre","SPT",2,"sym",NA,1,3,9,14,23,1,0,"large double","Untrained_InAcc",177.515,4.3,181.811,6,2,0,184.611,2.804,0,NA,2,"sym2","B"
"9409_1_1.3T2",16,17,257,"pre","SPT",2,"sym",NA,1,4,7,5,13,2,1,"large single","Untrained_InAcc",188.108,5.2,193.302,6,1,0,196.185,2.885,0,NA,1,"sym2","B"
"9409_2_1.3T2",2,3,502,"post","SPT",4,"grid",1,0,2,18,0,19,2,1,"small double","Control_Acc",24.207,4.3,28.522,6,2,1,30.512,1.994,0,1.994,NA,"grid4","B"
"9409_2_1.3T2",7,8,498,"post","SPT",4,"grid",1,0,2,10,0,7,1,-3,"large single","Control_Acc",79.104,4.2,83.333,6,1,1,86.22,2.89,0,2.89,NA,"grid4","B"
"9409_2_1.3T2",8,9,504,"post","SPT",4,"grid",1,0,2,23,0,21,1,-2,"large double","Control_Acc",89.328,4.4,93.725,6,1,1,96.313,2.591,0,2.591,NA,"grid4","B"
"9409_2_1.3T2",12,13,494,"post","SPT",4,"grid",1,0,2,3,0,4,2,1,"small single","Control_Acc",138.811,5.6,144.422,6,2,1,146.675,2.255,0,2.255,NA,"grid4","B"
"9409_2_1.3T2",13,14,500,"post","SPT",4,"grid",1,0,2,15,0,18,2,3,"small double","Control_Acc",150.435,7.5,157.926,6,2,1,160.55,2.627,0,2.627,NA,"grid4","B"
"9409_2_1.3T2",16,17,496,"post","SPT",4,"grid",1,0,2,7,0,4,1,-3,"small single","Control_Acc",187.83,4.4,192.228,6,1,1,196.593,4.367,0,4.367,NA,"grid4","B"
"9409_2_1.3T2",1,2,486,"post","SPT",4,"grid",1,0,2,7,8,14,1,-1,"large single","Trained_Acc",12.503,5.7,18.214,6,1,1,21.388,3.177,0,3.177,NA,"grid4","B"
"9409_2_1.3T2",4,5,488,"post","SPT",4,"grid",1,0,2,3,15,21,2,3,"small double","Trained_Acc",44.521,4.9,49.416,6,2,1,52.408,2.995,0,2.995,NA,"grid4","B"
"9409_2_1.3T2",9,10,490,"post","SPT",4,"grid",1,0,2,16,4,22,2,2,"small double","Trained_Acc",99.746,6.5,106.21,6,2,1,110.64,4.433,0,4.433,NA,"grid4","B"
"9409_2_1.3T2",10,11,484,"post","SPT",4,"grid",1,0,2,6,7,16,2,3,"large single","Trained_Acc",112.204,7.6,119.814,6,2,1,124.405,4.594,0,4.594,NA,"grid4","B"
"9409_2_1.3T2",15,16,482,"post","SPT",4,"grid",1,0,2,4,3,8,2,1,"small single","Trained_Acc",177.507,4.3,181.802,6,2,1,186.222,4.422,0,4.422,NA,"grid4","B"
"9409_2_1.3T2",3,4,492,"post","SPT",4,"grid",1,0,2,15,9,22,1,-2,"large double","Trained_InAcc",34.532,4,38.51,6,2,0,43.269,4.761,0,NA,NA,"grid4","B"
"9409_2_1.3T2",0,1,470,"post","SPT",4,"grid",1,0,2,2,5,4,1,-3,"small single","Untrained_Acc",0.001,6.5,6.509,6,1,1,9.531,3.024,0,3.024,NA,"grid4","B"
"9409_2_1.3T2",5,6,480,"post","SPT",4,"grid",1,0,2,6,18,23,1,-1,"large double","Untrained_Acc",55.411,4.1,59.507,6,1,1,63.289,3.786,0,3.786,NA,"grid4","B"
"9409_2_1.3T2",6,7,472,"post","SPT",4,"grid",1,0,2,8,5,15,2,2,"large single","Untrained_Acc",65.5,7.6,73.109,6,2,1,77.498,4.392,0,4.392,NA,"grid4","B"
"9409_2_1.3T2",14,15,478,"post","SPT",4,"grid",1,0,2,7,13,19,1,-1,"small double","Untrained_Acc",163.926,7.6,171.512,6,1,1,176.435,4.926,0,4.926,NA,"grid4","B"
"9409_2_1.3T2",11,12,474,"post","SPT",4,"grid",1,0,2,9,6,14,1,-1,"large single","Untrained_InAcc",125.821,7,132.801,6,2,0,137.789,4.991,0,NA,NA,"grid4","B"
"9409_2_1.3T2",17,18,476,"post","SPT",4,"grid",1,0,2,12,6,20,2,2,"small double","Untrained_InAcc",198.22,7.2,205.412,6,1,0,208.139,2.729,0,NA,NA,"grid4","B"
"9409_2_1.3T2",3,4,567,"post","SPT",4,"sym",1,0,4,8,0,8,1,0,"large single","Control_Acc",34.315,5,39.326,6,1,1,40.643,1.319,0,1.319,NA,"sym4","B"
"9409_2_1.3T2",5,6,565,"post","SPT",4,"sym",1,0,4,5,0,5,1,0,"small single","Control_Acc",58.907,8,66.932,6,1,1,68.367,1.438,0,1.438,NA,"sym4","B"
"9409_2_1.3T2",6,7,573,"post","SPT",4,"sym",1,0,4,21,0,18,2,-3,"large double","Control_Acc",72.926,4.1,77.023,6,2,1,78.756,1.735,0,1.735,NA,"sym4","B"
"9409_2_1.3T2",14,15,571,"post","SPT",4,"sym",1,0,4,16,0,14,2,-2,"small double","Control_Acc",164.703,4.3,169.031,6,2,1,170.898,1.869,0,1.869,NA,"sym4","B"
"9409_2_1.3T2",17,18,575,"post","SPT",4,"sym",1,0,4,25,0,26,2,1,"large double","Control_Acc",199.301,4.3,203.631,6,2,1,205.181,1.552,0,1.552,NA,"sym4","B"
"9409_2_1.3T2",8,9,569,"post","SPT",4,"sym",1,0,4,13,0,14,2,1,"large single","Control_InAcc",93.107,7.4,100.532,6,1,0,101.933,1.404,0,NA,NA,"sym4","B"
"9409_2_1.3T2",0,1,553,"post","SPT",4,"sym",1,0,4,7,2,9,1,0,"small single","Trained_Acc",0.001,6.5,6.508,6,1,1,8.776,2.276,0,2.276,NA,"sym4","B"
"9409_2_1.3T2",1,2,563,"post","SPT",4,"sym",1,0,4,6,17,23,1,0,"large double","Trained_Acc",12.503,5.4,17.914,6,1,1,20.564,2.653,0,2.653,NA,"sym4","B"
"9409_2_1.3T2",4,5,557,"post","SPT",4,"sym",1,0,4,3,9,14,2,2,"large single","Trained_Acc",45.32,7.6,52.912,6,2,1,55.079,2.169,0,2.169,NA,"sym4","B"
"9409_2_1.3T2",7,8,559,"post","SPT",4,"sym",1,0,4,13,4,14,2,-3,"small double","Trained_Acc",83.033,4.1,87.112,6,2,1,89.695,2.585,0,2.585,NA,"sym4","B"
"9409_2_1.3T2",10,11,555,"post","SPT",4,"sym",1,0,4,6,4,10,1,0,"small single","Trained_Acc",119.414,7.1,126.506,6,1,1,128.523,2.02,0,2.02,NA,"sym4","B"
"9409_2_1.3T2",13,14,561,"post","SPT",4,"sym",1,0,4,8,12,20,1,0,"small double","Trained_InAcc",154.013,4.7,158.708,6,2,0,161.225,2.519,0,NA,NA,"sym4","B"
"9409_2_1.3T2",2,3,549,"post","SPT",4,"sym",1,0,4,15,4,18,2,-1,"small double","Untrained_Acc",23.908,4.4,28.303,6,2,1,30.937,2.637,0,2.637,NA,"sym4","B"
"9409_2_1.3T2",9,10,547,"post","SPT",4,"sym",1,0,4,2,15,17,1,0,"small double","Untrained_Acc",106.526,6.9,113.403,6,1,1,115.287,1.887,0,1.887,NA,"sym4","B"
"9409_2_1.3T2",11,12,551,"post","SPT",4,"sym",1,0,4,15,8,25,2,2,"large double","Untrained_Acc",132.501,5.2,137.712,6,2,1,142.693,4.984,0,4.984,NA,"sym4","B"
"9409_2_1.3T2",12,13,543,"post","SPT",4,"sym",1,0,4,3,7,10,1,0,"small single","Untrained_Acc",143.706,4.3,148.002,6,1,1,149.919,1.92,0,1.92,NA,"sym4","B"
"9409_2_1.3T2",15,16,541,"post","SPT",4,"sym",1,0,4,3,6,8,2,-1,"small single","Untrained_Acc",175.025,7.1,182.102,6,2,1,184.918,2.819,0,2.819,NA,"sym4","B"
"9409_2_1.3T2",16,17,545,"post","SPT",4,"sym",1,0,4,7,5,12,1,0,"large single","Untrained_Acc",188.112,5.2,193.307,6,1,1,197.707,4.403,0,4.403,NA,"sym4","B"
"9409_2_1.3T2",2,3,535,"post","SPT",4,"sym",2,0,3,17,0,17,1,0,"small double","Control_Acc",24.201,4.3,28.532,6,1,1,29.813,1.283,0,1.283,NA,"sym4","B"
"9409_2_1.3T2",6,7,529,"post","SPT",4,"sym",2,0,3,4,0,4,1,0,"small single","Control_Acc",65.51,7.6,73.12,6,1,1,74.17,1.053,0,1.053,NA,"sym4","B"
"9409_2_1.3T2",7,8,539,"post","SPT",4,"sym",2,0,3,24,0,26,2,2,"large double","Control_Acc",79.129,4.2,83.325,6,2,1,85.326,2.004,0,2.004,NA,"sym4","B"
"9409_2_1.3T2",12,13,531,"post","SPT",4,"sym",2,0,3,9,0,9,1,0,"large single","Control_Acc",138.805,5.6,144.432,6,1,1,145.9,1.47,0,1.47,NA,"sym4","B"
"9409_2_1.3T2",13,14,533,"post","SPT",4,"sym",2,0,3,12,0,9,2,-3,"large single","Control_Acc",150.431,7.5,157.918,6,2,1,159.735,1.82,0,1.82,NA,"sym4","B"
"9409_2_1.3T2",16,17,537,"post","SPT",4,"sym",2,0,3,20,0,20,1,0,"large double","Control_Acc",187.806,4.4,192.227,6,1,1,193.502,1.278,0,1.278,NA,"sym4","B"
"9409_2_1.3T2",1,2,519,"post","SPT",4,"sym",2,0,3,2,8,10,1,0,"small single","Trained_Acc",12.512,5.7,18.207,6,1,1,19.625,1.421,0,1.421,NA,"sym4","B"
"9409_2_1.3T2",3,4,521,"post","SPT",4,"sym",2,0,3,8,4,13,2,1,"large single","Trained_Acc",34.523,4,38.503,6,2,1,40.72,2.219,0,2.219,NA,"sym4","B"
"9409_2_1.3T2",10,11,527,"post","SPT",4,"sym",2,0,3,7,18,23,2,-2,"large double","Trained_Acc",112.213,7.6,119.806,6,2,1,122.723,2.919,0,2.919,NA,"sym4","B"
"9409_2_1.3T2",17,18,523,"post","SPT",4,"sym",2,0,3,3,12,15,1,0,"small double","Trained_Acc",198.229,7.2,205.404,6,1,1,208.104,2.702,0,2.702,NA,"sym4","B"
"9409_2_1.3T2",4,5,517,"post","SPT",4,"sym",2,0,3,3,5,7,2,-1,"small single","Trained_InAcc",44.514,4.9,49.409,6,1,0,54.141,4.735,0,NA,NA,"sym4","B"
"9409_2_1.3T2",11,12,525,"post","SPT",4,"sym",2,0,3,14,8,22,1,0,"large double","Trained_InAcc",125.817,7,132.81,6,NA,0,NA,NA,1,NA,NA,"sym4","B"
"9409_2_1.3T2",8,9,505,"post","SPT",4,"sym",2,0,3,6,2,8,1,0,"small single","Untrained_Acc",89.319,4.4,93.715,6,1,1,96.216,2.504,0,2.504,NA,"sym4","B"
"9409_2_1.3T2",9,10,509,"post","SPT",4,"sym",2,0,3,4,9,14,2,1,"large single","Untrained_Acc",99.709,6.5,106.203,6,2,1,111.717,5.516,0,5.516,NA,"sym4","B"
"9409_2_1.3T2",15,16,511,"post","SPT",4,"sym",2,0,3,14,2,19,2,3,"small double","Untrained_Acc",177.516,4.3,181.811,6,2,1,186.443,4.634,0,4.634,NA,"sym4","B"
"9409_2_1.3T2",0,1,507,"post","SPT",4,"sym",2,0,3,5,4,10,2,1,"small single","Untrained_InAcc",0.001,6.5,6.501,6,1,0,7.853,1.354,0,NA,NA,"sym4","B"
"9409_2_1.3T2",5,6,513,"post","SPT",4,"sym",2,0,3,4,19,26,2,3,"large double","Untrained_InAcc",55.403,4.1,59.516,6,1,0,64.731,5.218,0,NA,NA,"sym4","B"
"9409_2_1.3T2",14,15,515,"post","SPT",4,"sym",2,0,3,16,9,25,1,0,"large double","Untrained_InAcc",163.929,7.6,171.505,6,2,0,176.436,4.934,0,NA,NA,"sym4","B"
"9409_2_1.3T2",3,4,503,"post","SPT",4,"sym",3,0,2,23,0,23,1,0,"large double","Control_Acc",34.503,4,38.533,6,1,1,40.017,1.486,0,1.486,NA,"sym4","B"
"9409_2_1.3T2",7,8,497,"post","SPT",4,"sym",3,0,2,10,0,10,1,0,"large single","Control_Acc",79.109,4.2,83.321,6,1,1,84.406,1.087,0,1.087,NA,"sym4","B"
"9409_2_1.3T2",8,9,493,"post","SPT",4,"sym",3,0,2,3,0,1,2,-2,"small single","Control_Acc",89.332,4.4,93.728,6,2,1,94.912,1.187,0,1.187,NA,"sym4","B"
"9409_2_1.3T2",12,13,501,"post","SPT",4,"sym",3,0,2,18,0,17,2,-1,"small double","Control_Acc",138.801,5.6,144.427,6,2,1,146.445,2.021,0,2.021,NA,"sym4","B"
"9409_2_1.3T2",13,14,499,"post","SPT",4,"sym",3,0,2,15,0,18,2,3,"small double","Control_Acc",150.422,7.5,157.931,6,2,1,159.682,1.754,0,1.754,NA,"sym4","B"
"9409_2_1.3T2",17,18,495,"post","SPT",4,"sym",3,0,2,7,0,6,2,-1,"small single","Control_Acc",198.208,7.2,205.417,6,2,1,207.534,2.119,0,2.119,NA,"sym4","B"
"9409_2_1.3T2",1,2,483,"post","SPT",4,"sym",3,0,2,6,7,13,1,0,"large single","Trained_Acc",12.508,5.7,18.203,6,1,1,20.936,2.735,0,2.735,NA,"sym4","B"
"9409_2_1.3T2",2,3,487,"post","SPT",4,"sym",3,0,2,3,15,18,1,0,"small double","Trained_Acc",24.213,4.3,28.509,6,1,1,32.807,4.3,0,4.3,NA,"sym4","B"
"9409_2_1.3T2",4,5,485,"post","SPT",4,"sym",3,0,2,7,8,16,2,1,"large single","Trained_Acc",44.526,4.9,49.405,6,2,1,55.102,5.699,0,5.699,NA,"sym4","B"
"9409_2_1.3T2",9,10,489,"post","SPT",4,"sym",3,0,2,16,4,20,1,0,"small double","Trained_Acc",99.738,6.5,106.215,6,1,1,108.483,2.27,0,2.27,NA,"sym4","B"
"9409_2_1.3T2",16,17,481,"post","SPT",4,"sym",3,0,2,4,3,10,2,3,"small single","Trained_Acc",187.802,4.4,192.214,6,2,1,194.998,2.786,0,2.786,NA,"sym4","B"
"9409_2_1.3T2",10,11,491,"post","SPT",4,"sym",3,0,2,15,9,24,1,0,"large double","Trained_InAcc",112.21,7.6,119.802,6,NA,0,NA,NA,1,NA,NA,"sym4","B"
"9409_2_1.3T2",0,1,479,"post","SPT",4,"sym",3,0,2,6,18,26,2,2,"large double","Untrained_Acc",0.001,6.5,6.514,6,2,1,8.931,2.42,0,2.42,NA,"sym4","B"
"9409_2_1.3T2",5,6,477,"post","SPT",4,"sym",3,0,2,7,13,20,1,0,"small double","Untrained_Acc",55.416,4.1,59.512,6,1,1,62.878,3.369,0,3.369,NA,"sym4","B"
"9409_2_1.3T2",6,7,475,"post","SPT",4,"sym",3,0,2,12,6,18,1,0,"small double","Untrained_Acc",65.506,7.6,73.115,6,1,1,77.28,4.168,0,4.168,NA,"sym4","B"
"9409_2_1.3T2",11,12,473,"post","SPT",4,"sym",3,0,2,9,6,13,2,-2,"large single","Untrained_Acc",125.813,7,132.807,6,2,1,135.622,2.818,0,2.818,NA,"sym4","B"
"9409_2_1.3T2",15,16,469,"post","SPT",4,"sym",3,0,2,2,5,4,2,-3,"small single","Untrained_Acc",177.513,4.3,181.807,6,2,1,183.958,2.153,0,2.153,NA,"sym4","B"
"9409_2_1.3T2",14,15,471,"post","SPT",4,"sym",3,0,2,8,5,13,1,0,"large single","Untrained_InAcc",163.925,7.6,171.501,6,2,0,175.883,4.384,0,NA,NA,"sym4","B"
"9409_2_1.3T2",3,4,461,"post","SPT",4,"sym",4,0,1,11,0,11,1,0,"large single","Control_Acc",34.513,4,38.539,6,1,1,39.745,1.21,0,1.21,NA,"sym4","B"
"9409_2_1.3T2",6,7,459,"post","SPT",4,"sym",4,0,1,6,0,6,1,0,"small single","Control_Acc",65.516,7.6,73.145,6,1,1,74.626,1.484,0,1.484,NA,"sym4","B"
"9409_2_1.3T2",7,8,467,"post","SPT",4,"sym",4,0,1,22,0,20,2,-2,"large double","Control_Acc",79.14,4.2,83.354,6,2,1,84.533,1.183,0,1.183,NA,"sym4","B"
"9409_2_1.3T2",13,14,457,"post","SPT",4,"sym",4,0,1,2,0,1,2,-1,"small single","Control_Acc",150.415,7.5,157.94,6,2,1,158.91,0.975,0,0.975,NA,"sym4","B"
"9409_2_1.3T2",14,15,463,"post","SPT",4,"sym",4,0,1,14,0,14,1,0,"small double","Control_Acc",163.934,7.6,171.552,6,1,1,172.664,1.116,0,1.116,NA,"sym4","B"
"9409_2_1.3T2",16,17,465,"post","SPT",4,"sym",4,0,1,19,0,19,1,0,"small double","Control_Acc",187.812,4.4,192.247,6,1,1,193.509,1.267,0,1.267,NA,"sym4","B"
"9409_2_1.3T2",1,2,455,"post","SPT",4,"sym",4,0,1,19,8,28,2,1,"large double","Trained_Acc",12.502,5.7,18.212,6,2,1,20.482,2.274,0,2.274,NA,"sym4","B"
"9409_2_1.3T2",2,3,447,"post","SPT",4,"sym",4,0,1,9,5,14,1,0,"large single","Trained_Acc",24.207,4.3,28.503,6,1,1,30.156,1.658,0,1.658,NA,"sym4","B"
"9409_2_1.3T2",10,11,449,"post","SPT",4,"sym",4,0,1,9,8,17,1,0,"large single","Trained_Acc",112.203,7.6,119.812,6,1,1,121.732,1.924,0,1.924,NA,"sym4","B"
"9409_2_1.3T2",11,12,445,"post","SPT",4,"sym",4,0,1,2,3,6,2,1,"small single","Trained_Acc",125.806,7,132.816,6,2,1,134.586,1.775,0,1.775,NA,"sym4","B"
"9409_2_1.3T2",4,5,453,"post","SPT",4,"sym",4,0,1,3,19,21,2,-1,"large double","Trained_InAcc",44.538,4.9,49.415,6,1,0,52.65,3.24,0,NA,NA,"sym4","B"
"9409_2_1.3T2",15,16,451,"post","SPT",4,"sym",4,0,1,12,7,19,1,0,"small double","Trained_InAcc",177.542,4.3,181.801,6,2,0,184.636,2.839,0,NA,NA,"sym4","B"
"9409_2_1.3T2",0,1,435,"post","SPT",4,"sym",4,0,1,6,8,15,2,1,"large single","Untrained_Acc",0.001,6.5,6.507,6,2,1,10.592,4.088,0,4.088,NA,"sym4","B"
"9409_2_1.3T2",5,6,433,"post","SPT",4,"sym",4,0,1,4,2,6,1,0,"small single","Untrained_Acc",55.41,4.1,59.505,6,1,1,61.74,2.24,0,2.24,NA,"sym4","B"
"9409_2_1.3T2",8,9,439,"post","SPT",4,"sym",4,0,1,3,16,21,2,2,"small double","Untrained_Acc",89.344,4.4,93.705,6,2,1,97.156,3.455,0,3.455,NA,"sym4","B"
"9409_2_1.3T2",9,10,437,"post","SPT",4,"sym",4,0,1,7,9,17,2,1,"large single","Untrained_Acc",99.715,6.5,106.209,6,2,1,110.793,4.589,0,4.589,NA,"sym4","B"
"9409_2_1.3T2",12,13,441,"post","SPT",4,"sym",4,0,1,15,7,19,2,-3,"large double","Untrained_Acc",138.81,5.6,144.404,6,2,1,148.705,4.305,0,4.305,NA,"sym4","B"
"9409_2_1.3T2",17,18,443,"post","SPT",4,"sym",4,0,1,9,17,26,1,0,"large double","Untrained_InAcc",198.242,7.2,205.411,6,2,0,210.344,4.938,0,NA,NA,"sym4","B"
"9409_2_1.3T2",2,3,251,"post","SPT",2,"sym",NA,1,3,24,0,24,1,0,"large double","Control_Acc",24.209,4.3,28.521,6,1,1,30.072,1.553,0,1.553,2,"sym2","B"
"9409_2_1.3T2",3,4,175,"post","SPT",2,"sym",NA,1,1,14,0,13,2,-1,"small double","Control_Acc",34.509,4,38.521,6,2,1,40.771,2.252,0,2.252,4,"sym2","B"
"9409_2_1.3T2",6,7,179,"post","SPT",2,"sym",NA,1,1,22,0,22,1,0,"large double","Control_Acc",65.511,7.6,73.12,6,1,1,74.405,1.288,0,1.288,4,"sym2","B"
"9409_2_1.3T2",6,7,247,"post","SPT",2,"sym",NA,1,3,17,0,15,2,-2,"small double","Control_Acc",65.502,7.6,73.127,6,2,1,74.713,1.589,0,1.589,2,"sym2","B"
"9409_2_1.3T2",7,8,245,"post","SPT",2,"sym",NA,1,3,12,0,12,1,0,"large single","Control_Acc",79.122,4.2,83.317,6,1,1,84.652,1.336,0,1.336,2,"sym2","B"
"9409_2_1.3T2",7,8,205,"post","SPT",2,"sym",NA,1,2,3,0,3,1,0,"small single","Control_Acc",79.111,4.2,83.322,6,1,1,84.824,1.504,0,1.504,3,"sym2","B"
"9409_2_1.3T2",7,8,171,"post","SPT",2,"sym",NA,1,1,6,0,3,2,-3,"small single","Control_Acc",79.131,4.2,83.327,6,2,1,84.744,1.42,0,1.42,4,"sym2","B"
"9409_2_1.3T2",8,9,207,"post","SPT",2,"sym",NA,1,2,7,0,7,1,0,"small single","Control_Acc",89.317,4.4,93.73,6,1,1,95.115,1.388,0,1.388,3,"sym2","B"
"9409_2_1.3T2",12,13,249,"post","SPT",2,"sym",NA,1,3,20,0,18,2,-2,"large double","Control_Acc",138.812,5.6,144.423,6,2,1,146.357,1.936,0,1.936,2,"sym2","B"
"9409_2_1.3T2",12,13,209,"post","SPT",2,"sym",NA,1,2,10,0,11,2,1,"large single","Control_Acc",138.802,5.6,144.429,6,2,1,145.946,1.519,0,1.519,3,"sym2","B"
"9409_2_1.3T2",13,14,169,"post","SPT",2,"sym",NA,1,1,2,0,2,1,0,"small single","Control_Acc",150.411,7.5,157.92,6,1,1,159.304,1.386,0,1.386,4,"sym2","B"
"9409_2_1.3T2",13,14,243,"post","SPT",2,"sym",NA,1,3,9,0,12,2,3,"large single","Control_Acc",150.418,7.5,157.927,6,2,1,159.644,1.72,0,1.72,2,"sym2","B"
"9409_2_1.3T2",13,14,215,"post","SPT",2,"sym",NA,1,2,23,0,21,2,-2,"large double","Control_Acc",150.424,7.5,157.932,6,2,1,159.3,1.37,0,1.37,3,"sym2","B"
"9409_2_1.3T2",14,15,177,"post","SPT",2,"sym",NA,1,1,19,0,17,2,-2,"small double","Control_Acc",163.93,7.6,171.523,6,2,1,173.657,2.136,0,2.136,4,"sym2","B"
"9409_2_1.3T2",16,17,173,"post","SPT",2,"sym",NA,1,1,11,0,12,2,1,"large single","Control_Acc",187.807,4.4,192.22,6,2,1,194.136,1.918,0,1.918,4,"sym2","B"
"9409_2_1.3T2",16,17,241,"post","SPT",2,"sym",NA,1,3,4,0,7,2,3,"small single","Control_Acc",187.814,4.4,192.227,6,2,1,196.174,3.95,0,3.95,2,"sym2","B"
"9409_2_1.3T2",17,18,213,"post","SPT",2,"sym",NA,1,2,18,0,18,1,0,"small double","Control_Acc",198.21,7.2,205.419,6,1,1,207.352,1.936,0,1.936,3,"sym2","B"
"9409_2_1.3T2",3,4,211,"post","SPT",2,"sym",NA,1,2,15,0,15,1,0,"small double","Control_InAcc",34.505,4,38.534,6,2,0,40.633,2.102,0,NA,3,"sym2","B"
"9409_2_1.3T2",1,2,201,"post","SPT",2,"sym",NA,1,2,14,6,21,2,1,"small double","Trained_Acc",12.509,5.7,18.204,6,2,1,20.421,2.22,0,2.22,3,"sym2","B"
"9409_2_1.3T2",1,2,167,"post","SPT",2,"sym",NA,1,1,18,9,27,1,0,"large double","Trained_Acc",12.514,5.7,18.208,6,1,1,21.008,2.803,0,2.803,4,"sym2","B"
"9409_2_1.3T2",1,2,231,"post","SPT",2,"sym",NA,1,3,2,8,13,2,3,"small single","Trained_Acc",12.504,5.7,18.215,6,2,1,20.432,2.22,0,2.22,2,"sym2","B"
"9409_2_1.3T2",2,3,161,"post","SPT",2,"sym",NA,1,1,9,8,20,2,3,"large single","Trained_Acc",24.202,4.3,28.514,6,2,1,31.78,3.268,0,3.268,4,"sym2","B"
"9409_2_1.3T2",3,4,235,"post","SPT",2,"sym",NA,1,3,2,13,17,2,2,"small double","Trained_Acc",34.533,4,38.512,6,2,1,41.445,2.935,0,2.935,2,"sym2","B"
"9409_2_1.3T2",4,5,233,"post","SPT",2,"sym",NA,1,3,8,4,12,1,0,"large single","Trained_Acc",44.506,4.9,49.401,6,1,1,53.316,3.917,0,3.917,2,"sym2","B"
"9409_2_1.3T2",4,5,197,"post","SPT",2,"sym",NA,1,2,7,8,15,1,0,"large single","Trained_Acc",44.527,4.9,49.406,6,1,1,53.455,4.051,0,4.051,3,"sym2","B"
"9409_2_1.3T2",4,5,157,"post","SPT",2,"sym",NA,1,1,2,3,5,1,0,"small single","Trained_Acc",44.532,4.9,49.41,6,1,1,50.83,1.423,0,1.423,4,"sym2","B"
"9409_2_1.3T2",9,10,203,"post","SPT",2,"sym",NA,1,2,19,5,25,2,1,"large double","Trained_Acc",99.723,6.5,106.217,6,2,1,109.484,3.271,0,3.271,3,"sym2","B"
"9409_2_1.3T2",10,11,193,"post","SPT",2,"sym",NA,1,2,4,3,7,1,0,"small single","Trained_Acc",112.211,7.6,119.803,6,1,1,123.136,3.336,0,3.336,3,"sym2","B"
"9409_2_1.3T2",10,11,159,"post","SPT",2,"sym",NA,1,1,9,5,17,2,3,"large single","Trained_Acc",112.215,7.6,119.807,6,2,1,124.623,4.818,0,4.818,4,"sym2","B"
"9409_2_1.3T2",10,11,237,"post","SPT",2,"sym",NA,1,3,18,4,24,2,2,"large double","Trained_Acc",112.205,7.6,119.815,6,2,1,123.13,3.318,0,3.318,2,"sym2","B"
"9409_2_1.3T2",11,12,229,"post","SPT",2,"sym",NA,1,3,3,5,8,1,0,"small single","Trained_Acc",125.809,7,132.802,6,1,1,136.651,3.851,0,3.851,2,"sym2","B"
"9409_2_1.3T2",11,12,163,"post","SPT",2,"sym",NA,1,1,17,2,21,2,2,"small double","Trained_Acc",125.802,7,132.811,6,2,1,135.346,2.538,0,2.538,4,"sym2","B"
"9409_2_1.3T2",15,16,165,"post","SPT",2,"sym",NA,1,1,9,13,22,1,0,"large double","Trained_Acc",177.518,4.3,181.813,6,1,1,184.829,3.019,0,3.019,4,"sym2","B"
"9409_2_1.3T2",16,17,199,"post","SPT",2,"sym",NA,1,2,5,13,17,2,-1,"small double","Trained_Acc",187.803,4.4,192.215,6,2,1,195.482,3.269,0,3.269,3,"sym2","B"
"9409_2_1.3T2",17,18,239,"post","SPT",2,"sym",NA,1,3,8,17,25,1,0,"large double","Trained_Acc",198.221,7.2,205.414,6,1,1,210.544,5.132,0,5.132,2,"sym2","B"
"9409_2_1.3T2",2,3,195,"post","SPT",2,"sym",NA,1,2,6,7,15,2,2,"large single","Trained_InAcc",24.214,4.3,28.51,6,1,0,31.66,3.152,0,NA,3,"sym2","B"
"9409_2_1.3T2",0,1,147,"post","SPT",2,"sym",NA,1,1,6,8,14,1,0,"large single","Untrained_Acc",0.001,6.5,6.503,6,1,1,10.135,3.635,0,3.635,4,"sym2","B"
"9409_2_1.3T2",0,1,223,"post","SPT",2,"sym",NA,1,3,12,4,16,1,0,"small double","Untrained_Acc",0.001,6.5,6.509,6,1,1,10.775,4.268,0,4.268,2,"sym2","B"
"9409_2_1.3T2",0,1,187,"post","SPT",2,"sym",NA,1,2,16,2,15,2,-3,"small double","Untrained_Acc",0.001,6.5,6.515,6,2,1,8.616,2.104,0,2.104,3,"sym2","B"
"9409_2_1.3T2",5,6,151,"post","SPT",2,"sym",NA,1,1,6,13,19,1,0,"small double","Untrained_Acc",55.404,4.1,59.5,6,1,1,63.483,3.985,0,3.985,4,"sym2","B"
"9409_2_1.3T2",5,6,221,"post","SPT",2,"sym",NA,1,3,4,9,13,1,0,"large single","Untrained_Acc",55.412,4.1,59.507,6,1,1,62.524,3.019,0,3.019,2,"sym2","B"
"9409_2_1.3T2",5,6,191,"post","SPT",2,"sym",NA,1,2,8,16,24,1,0,"large double","Untrained_Acc",55.417,4.1,59.513,6,1,1,63.428,3.918,0,3.918,3,"sym2","B"
"9409_2_1.3T2",8,9,217,"post","SPT",2,"sym",NA,1,3,6,2,10,2,2,"small single","Untrained_Acc",89.333,4.4,93.707,6,2,1,96.125,2.421,0,2.421,2,"sym2","B"
"9409_2_1.3T2",8,9,145,"post","SPT",2,"sym",NA,1,1,4,2,5,2,-1,"small single","Untrained_Acc",89.322,4.4,93.717,6,2,1,96.617,2.903,0,2.903,4,"sym2","B"
"9409_2_1.3T2",9,10,227,"post","SPT",2,"sym",NA,1,3,19,6,28,2,3,"large double","Untrained_Acc",99.701,6.5,106.211,6,2,1,108.564,2.357,0,2.357,2,"sym2","B"
"9409_2_1.3T2",11,12,189,"post","SPT",2,"sym",NA,1,2,3,17,19,2,-1,"small double","Untrained_Acc",125.814,7,132.807,6,2,1,137.074,4.27,0,4.27,3,"sym2","B"
"9409_2_1.3T2",12,13,149,"post","SPT",2,"sym",NA,1,1,7,9,16,1,0,"large single","Untrained_Acc",138.806,5.6,144.416,6,1,1,150.13,5.717,0,5.717,4,"sym2","B"
"9409_2_1.3T2",14,15,185,"post","SPT",2,"sym",NA,1,2,9,6,15,1,0,"large single","Untrained_Acc",163.927,7.6,171.503,6,1,1,174.052,2.552,0,2.552,3,"sym2","B"
"9409_2_1.3T2",15,16,225,"post","SPT",2,"sym",NA,1,3,9,14,23,1,0,"large double","Untrained_Acc",177.508,4.3,181.803,6,1,1,184.72,2.919,0,2.919,2,"sym2","B"
"9409_2_1.3T2",15,16,181,"post","SPT",2,"sym",NA,1,2,2,5,7,1,0,"small single","Untrained_Acc",177.513,4.3,181.809,6,1,1,185.391,3.585,0,3.585,3,"sym2","B"
"9409_2_1.3T2",17,18,155,"post","SPT",2,"sym",NA,1,1,7,19,27,2,1,"large double","Untrained_Acc",198.23,7.2,205.406,6,2,1,208.855,3.452,0,3.452,4,"sym2","B"
"9409_2_1.3T2",6,7,183,"post","SPT",2,"sym",NA,1,2,8,5,14,2,1,"large single","Untrained_InAcc",65.507,7.6,73.116,6,1,0,78.164,5.05,0,NA,3,"sym2","B"
"9409_2_1.3T2",9,10,153,"post","SPT",2,"sym",NA,1,1,17,5,22,1,0,"large double","Untrained_InAcc",99.711,6.5,106.204,6,2,0,110.836,4.634,0,NA,4,"sym2","B"
"9409_2_1.3T2",14,15,219,"post","SPT",2,"sym",NA,1,3,5,4,9,1,0,"small single","Untrained_InAcc",163.921,7.6,171.513,6,2,0,175.396,3.885,0,NA,2,"sym2","B"
